µêÆÌÃû³Æ,ÓÅ»ÝÁ¦¶È,Ìø×ªÁ´½Ó
ÇÇµ¤¹Ù·½Æì½¢µê,10ÔªÓÅ»ÝÈ¯,https://taoquan.taobao.com/coupon/unify_apply_result_tmall.htm?seller_id=458694874&success=false&need_check=false&need_ok=true&activity_id=f1df8453f3e54ea38ecadae9f6574c53&apply_source=daily&is_collina_check=false&ok_str=%C7%C7%B5%A4%B9%D9%B7%BD%C6%EC%BD%A2%B5%EA+10.00%D4%AA%B5%EA%C6%CC%D3%C5%BB%DD%84%BB
ÇÇµ¤¹Ù·½Æì½¢µê,20ÔªÓÅ»ÝÈ¯,https://taoquan.taobao.com/coupon/unify_apply_result_tmall.htm?seller_id=458694874&success=false&need_check=false&need_ok=true&activity_id=7a613d66cb524e8783c0e2c1e5de5e30&apply_source=daily&is_collina_check=false&ok_str=%C7%C7%B5%A4%B9%D9%B7%BD%C6%EC%BD%A2%B5%EA+20.00%D4%AA%B5%EA%C6%CC%D3%C5%BB%DD%84%BB
NIKE¹Ù·½Æì½¢µê,10ÔªÓÅ»ÝÈ¯,https://taoquan.taobao.com/coupon/unify_apply_result_tmall.htm?seller_id=890482188&success=false&need_check=false&need_ok=true&activity_id=0f499ca9d4c54b35931b88965b48d7b8&apply_source=daily&is_collina_check=false&ok_str=NIKE%B9%D9%B7%BD%C6%EC%BD%A2%B5%EA+10.00%D4%AA%B5%EA%C6%CC%D3%C5%BB%DD%84%BB
reebok¹Ù·½Æì½¢µê,10ÔªÓÅ»ÝÈ¯,https://taoquan.taobao.com/coupon/unify_apply_result_tmall.htm?seller_id=690444147&success=false&need_check=false&need_ok=true&activity_id=4eb713f5c8924ff8a4fa3b1b8b0a71d4&apply_source=daily&is_collina_check=false&ok_str=reebok%B9%D9%B7%BD%C6%EC%BD%A2%B5%EA+10.00%D4%AA%B5%EA%C6%CC%D3%C5%BB%DD%84%BB
reebok¹Ù·½Æì½¢µê,20ÔªÓÅ»ÝÈ¯,https://taoquan.taobao.com/coupon/unify_apply_result_tmall.htm?seller_id=690444147&success=false&need_check=false&need_ok=true&activity_id=0410fa2b6df44629b66894b3f3591ba6&apply_source=daily&is_collina_check=false&ok_str=reebok%B9%D9%B7%BD%C6%EC%BD%A2%B5%EA+20.00%D4%AA%B5%EA%C6%CC%D3%C5%BB%DD%84%BB
reebok¹Ù·½Æì½¢µê,100ÔªÓÅ»ÝÈ¯,https://taoquan.taobao.com/coupon/unify_apply_result_tmall.htm?seller_id=690444147&success=false&need_check=false&need_ok=true&activity_id=34ccc2c1b57a487280b27e5168828135&apply_source=daily&is_collina_check=false&ok_str=reebok%B9%D9%B7%BD%C6%EC%BD%A2%B5%EA+100.00%D4%AA%B5%EA%C6%CC%D3%C5%BB%DD%84%BB
topÔË¶¯ÃûÆ·×¨Óªµê,10ÔªµêÆÌÓÅ»ÝÈ¯,https://taoquan.taobao.com/coupon/unify_apply_result_tmall.htm?spm=a1z10.4-b.w5003-12486796493.8.dUcjSn&seller_id=167486422&success=false&need_check=false&need_ok=true&activity_id=a37a8fbacc7b4c81837b9d705e5fd364&apply_source=daily&is_collina_check=false&ok_str=top%D4%CB%B6%AF%C3%FB%C6%B7%D7%A8%D3%AA%B5%EA+10.00%D4%AA%B5%EA%C6%CC%D3%C5%BB%DD%84%BB&scene=taobao_shop
topÔË¶¯ÃûÆ·×¨Óªµê,20ÔªµêÆÌÓÅ»ÝÈ¯,https://taoquan.taobao.com/coupon/unify_apply_result_tmall.htm?spm=a1z10.4-b.w5003-12486796493.9.dUcjSn&seller_id=167486422&success=false&need_check=false&need_ok=true&activity_id=a0baebfd32df46dd8172298dcf80536e&apply_source=daily&is_collina_check=false&ok_str=top%D4%CB%B6%AF%C3%FB%C6%B7%D7%A8%D3%AA%B5%EA+20.00%D4%AA%B5%EA%C6%CC%D3%C5%BB%DD%84%BB&scene=taobao_shop
topÔË¶¯ÃûÆ·×¨Óªµê,50ÔªµêÆÌÓÅ»ÝÈ¯,https://taoquan.taobao.com/coupon/unify_apply_result_tmall.htm?seller_id=167486422&success=false&need_check=false&need_ok=true&activity_id=afb5399ccee24d339455c74f65a27df8&apply_source=daily&is_collina_check=false&ok_str=top%D4%CB%B6%AF%C3%FB%C6%B7%D7%A8%D3%AA%B5%EA+50.00%D4%AA%B5%EA%C6%CC%D3%C5%BB%DD%84%BB
topÔË¶¯ÃûÆ·×¨Óªµê,100ÔªµêÆÌÓÅ»ÝÈ¯,https://taoquan.taobao.com/coupon/unify_apply_result_tmall.htm?seller_id=167486422&success=false&need_check=false&need_ok=true&activity_id=56e14a2f79e64d69899929202a759ad4&apply_source=daily&is_collina_check=false&ok_str=top%D4%CB%B6%AF%C3%FB%C6%B7%D7%A8%D3%AA%B5%EA+100.00%D4%AA%B5%EA%C6%CC%D3%C5%BB%DD%84%BB
adidas¹Ù·½Æì½¢µê,10ÔªÓÅ»ÝÈ¯,https://shop.m.taobao.com/shop/coupon.htm?spm=a1z10.3731-b.w4952-12467665512.1.FoxP7k&sellerId=446338500&activityId=fe4f796cb37f4135a2664bee10f55217&scene=taobao_shop
adidas¹Ù·½Æì½¢µê,50ÔªÓÅ»ÝÈ¯,https://shop.m.taobao.com/shop/coupon.htm?spm=a1z10.3731-b.w4952-12467665512.2.FoxP7k&sellerId=446338500&activityId=2c08a7c24aad4983bf1b03f2886e04f3&scene=taobao_shop
adidas¹Ù·½Æì½¢µê,100ÔªÓÅ»ÝÈ¯,https://shop.m.taobao.com/shop/coupon.htm?spm=a1z10.3731-b.w4952-12467665512.3.FoxP7k&sellerId=446338500&activityId=5931fcad28074617a21be7686a393e93&scene=taobao_shop
·ç³ÛÔË¶¯×¨Óªµê,10ÔªÓÅ»ÝÈ¯,https://taoquan.taobao.com/coupon/unify_apply_result_tmall.htm?seller_id=772352677&success=false&need_check=false&need_ok=true&activity_id=1240fd0760974324af5216581757c72c&apply_source=daily&is_collina_check=false&ok_str=%B7%E7%B3%DB%D4%CB%B6%AF%D7%A8%D3%AA%B5%EA+10.00%D4%AA%B5%EA%C6%CC%D3%C5%BB%DD%84%BB
·ç³ÛÔË¶¯×¨Óªµê,20ÔªÓÅ»ÝÈ¯,https://taoquan.taobao.com/coupon/unify_apply_result_tmall.htm?seller_id=772352677&success=false&need_check=false&need_ok=true&activity_id=cbfd72a1f401478ba49b95ffde55a08c&apply_source=daily&is_collina_check=false&ok_str=%B7%E7%B3%DB%D4%CB%B6%AF%D7%A8%D3%AA%B5%EA+20.00%D4%AA%B5%EA%C6%CC%D3%C5%BB%DD%84%BB
fossÆì½¢µê,20ÔªÓÅ»ÝÈ¯,https://taoquan.taobao.com/coupon/unify_apply_result_tmall.htm?seller_id=2110961644&success=false&need_check=false&need_ok=true&activity_id=91828617272c4cf9aed667396d3c6fae&apply_source=daily&is_collina_check=false&ok_str=foss%C6%EC%BD%A2%B5%EA+20.00%D4%AA%B5%EA%C6%CC%D3%C5%BB%DD%84%BB
New BalanceÆì½¢µê,10ÔªÓÅ»ÝÈ¯,https://taoquan.taobao.com/coupon/unify_apply_result_tmall.htm?seller_id=520557274&success=false&need_check=false&need_ok=true&activity_id=38699b8df7384de28b1b73b22100dae8&apply_source=daily&is_collina_check=false&ok_str=New+Balance%C6%EC%BD%A2%B5%EA+10.00%D4%AA%B5%EA%C6%CC%D3%C5%BB%DD%84%BB
New BalanceÆì½¢µê,30ÔªÓÅ»ÝÈ¯,https://taoquan.taobao.com/coupon/unify_apply_result_tmall.htm?seller_id=520557274&success=false&need_check=false&need_ok=true&activity_id=7814164bf04949d68e83b1b71b2a5daf&apply_source=daily&is_collina_check=false&ok_str=New+Balance%C6%EC%BD%A2%B5%EA+30.00%D4%AA%B5%EA%C6%CC%D3%C5%BB%DD%84%BB
vans¹Ù·½Æì½¢µê,20ÔªÓÅ»ÝÈ¯,https://vans.tmall.com/campaign-3731-7.htm?spm=a3148.7794414.7426010959.4.o3csYk&acm=lb-zebra-23783-318668.1003.1.446992&aldid=NoAEX6IU&scm=1003.1.lb-zebra-23783-318668.SHOP_746866993_446992&pos=2
CONVERSE¹Ù·½Æì½¢µê,10ÔªÓÅ»ÝÈ¯,https://taoquan.taobao.com/coupon/unify_apply_result_tmall.htm?seller_id=1046707508&success=false&need_check=false&need_ok=true&activity_id=33e22f2bd22d4e2ebbf638b3d0667fb1&apply_source=daily&is_collina_check=false&ok_str=CONVERSE%B9%D9%B7%BD%C6%EC%BD%A2%B5%EA+10.00%D4%AA%B5%EA%C6%CC%D3%C5%BB%DD%84%BB
CONVERSE¹Ù·½Æì½¢µê,20ÔªÓÅ»ÝÈ¯,https://taoquan.taobao.com/coupon/unify_apply_result_tmall.htm?seller_id=1046707508&success=false&need_check=false&need_ok=true&activity_id=21c25c9848c94cf19acda07c290cb02f&apply_source=daily&is_collina_check=false&ok_str=CONVERSE%B9%D9%B7%BD%C6%EC%BD%A2%B5%EA+20.00%D4%AA%B5%EA%C6%CC%D3%C5%BB%DD%84%BB
skechersÔË¶¯Æì½¢µê,20ÔªÓÅ»ÝÈ¯,https://skechersyd.tmall.com/campaign-3731-5.htm?spm=a1z10.3731-b.w10513808-11918736564.3.2o7hpi
skechersÔË¶¯Æì½¢µê,50ÔªÓÅ»ÝÈ¯,https://skechersyd.tmall.com/campaign-3731-5.htm?spm=a1z10.3731-b.w10513808-11918736564.3.2o7hpi
skechersÔË¶¯Æì½¢µê,100ÔªÓÅ»ÝÈ¯,https://skechersyd.tmall.com/campaign-3731-5.htm?spm=a1z10.3731-b.w10513808-11918736564.3.2o7hpi
asicsÆì½¢µê,3ÔªÓÅ»ÝÈ¯,https://taoquan.taobao.com/coupon/unify_apply_result_tmall.htm?seller_id=661559176&success=false&need_check=false&need_ok=true&activity_id=63f547918c0c4ad09436877013607b26&apply_source=daily&is_collina_check=false&ok_str=asics%C6%EC%BD%A2%B5%EA+3.00%D4%AA%B5%EA%C6%CC%D3%C5%BB%DD%84%BB
asicsÆì½¢µê,50ÔªÓÅ»ÝÈ¯,https://taoquan.taobao.com/coupon/unify_apply_result_tmall.htm?seller_id=661559176&success=false&need_check=false&need_ok=true&activity_id=b7935550a13a488a9c5973d188309e92&apply_source=daily&is_collina_check=false&ok_str=asics%C6%EC%BD%A2%B5%EA+50.00%D4%AA%B5%EA%C6%CC%D3%C5%BB%DD%84%BB
asicsÆì½¢µê,100ÔªÓÅ»ÝÈ¯,https://taoquan.taobao.com/coupon/unify_apply_result_tmall.htm?seller_id=661559176&success=false&need_check=false&need_ok=true&activity_id=d700f84fce784546badf2345182a71d8&apply_source=daily&is_collina_check=false&ok_str=asics%C6%EC%BD%A2%B5%EA+100.00%D4%AA%B5%EA%C6%CC%D3%C5%BB%DD%84%BB
Kappa¹Ù·½Æì½¢µê,30ÔªÓÅ»ÝÈ¯,https://taoquan.taobao.com/coupon/unify_apply_result_tmall.htm?seller_id=285492195&success=false&need_check=false&need_ok=true&activity_id=1c3c5e92a60e442b89f46715229b13e1&apply_source=daily&is_collina_check=false&ok_str=Kappa%B9%D9%B7%BD%C6%EC%BD%A2%B5%EA+30.00%D4%AA%B5%EA%C6%CC%D3%C5%BB%DD%84%BB
Kappa¹Ù·½Æì½¢µê,50ÔªÓÅ»ÝÈ¯,https://taoquan.taobao.com/coupon/unify_apply_result_tmall.htm?seller_id=285492195&success=false&need_check=false&need_ok=true&activity_id=6ce42b00517f4868adc774a6a7ff64bd&apply_source=daily&is_collina_check=false&ok_str=Kappa%B9%D9%B7%BD%C6%EC%BD%A2%B5%EA+50.00%D4%AA%B5%EA%C6%CC%D3%C5%BB%DD%84%BB
ÃÀ½òÅ¨¹Ù·½Æì½¢µê,20ÔªÓÅ»ÝÈ¯,https://taoquan.taobao.com/coupon/unify_apply_result_tmall.htm?seller_id=451024527&success=false&need_check=false&need_ok=true&activity_id=29b238e1efd849109dc3fdb259873114&apply_source=daily&is_collina_check=false&ok_str=%C3%C0%BD%F2%C5%A8%B9%D9%B7%BD%C6%EC%BD%A2%B5%EA+20.00%D4%AA%B5%EA%C6%CC%D3%C5%BB%DD%84%BB
ÃÀ½òÅ¨¹Ù·½Æì½¢µê,50ÔªÓÅ»ÝÈ¯,https://taoquan.taobao.com/coupon/unify_apply_result_tmall.htm?seller_id=451024527&success=false&need_check=false&need_ok=true&activity_id=5231792ec4f44cb7948425f7ba95c95f&apply_source=daily&is_collina_check=false&ok_str=%C3%C0%BD%F2%C5%A8%B9%D9%B7%BD%C6%EC%BD%A2%B5%EA+50.00%D4%AA%B5%EA%C6%CC%D3%C5%BB%DD%84%BB
PUMA¹Ù·½µê,50ÔªÓÅ»ÝÈ¯,https://taoquan.taobao.com/coupon/unify_apply_result_tmall.htm?seller_id=734584252&success=false&need_check=false&need_ok=true&activity_id=a91c68cc84134312af0f58b744e25081&apply_source=daily&is_collina_check=false&ok_str=PUMA%B9%D9%B7%BD%B5%EA+50.00%D4%AA%B5%EA%C6%CC%D3%C5%BB%DD%84%BB
PUMA¹Ù·½µê,100ÔªÓÅ»ÝÈ¯,https://taoquan.taobao.com/coupon/unify_apply_result_tmall.htm?seller_id=734584252&success=false&need_check=false&need_ok=true&activity_id=3c7141ee0d74446b9a5f276b1beaace7&apply_source=daily&is_collina_check=false&ok_str=PUMA%B9%D9%B7%BD%B5%EA+100.00%D4%AA%B5%EA%C6%CC%D3%C5%BB%DD%84%BB
fila¹Ù·½Æì½¢µê,50ÔªÓÅ»ÝÈ¯,https://fila.tmall.com/campaign-3731-6.htm?spm=a3148.7794414.7426010959.18.o3csYk&acm=lb-zebra-23783-318668.1003.1.446992&aldid=NoAEX6IU&scm=1003.1.lb-zebra-23783-318668.SHOP_676606897_446992&pos=9
asics×¨Âôµê,10ÔªÓÅ»ÝÈ¯,https://taoquan.taobao.com/coupon/unify_apply_result_tmall.htm?seller_id=1635784664&success=false&need_check=false&need_ok=true&activity_id=ed972c27f23841aca1f69b4b9c524c91&apply_source=daily&is_collina_check=false&ok_str=asics%D7%A8%C2%F4%B5%EA+10.00%D4%AA%B5%EA%C6%CC%D3%C5%BB%DD%84%BB
asics×¨Âôµê,50ÔªÓÅ»ÝÈ¯,https://taoquan.taobao.com/coupon/unify_apply_result_tmall.htm?seller_id=1635784664&success=false&need_check=false&need_ok=true&activity_id=d6a43b75ab7847e893643ed0d5c5d0c2&apply_source=daily&is_collina_check=false&ok_str=asics%D7%A8%C2%F4%B5%EA+50.00%D4%AA%B5%EA%C6%CC%D3%C5%BB%DD%84%BB
asics×¨Âôµê,100ÔªÓÅ»ÝÈ¯,https://taoquan.taobao.com/coupon/unify_apply_result_tmall.htm?seller_id=1635784664&success=false&need_check=false&need_ok=true&activity_id=1d1a84027c5a4865827402b390e87aad&apply_source=daily&is_collina_check=false&ok_str=asics%D7%A8%C2%F4%B5%EA+100.00%D4%AA%B5%EA%C6%CC%D3%C5%BB%DD%84%BB
pony¹Ù·½Æì½¢µê,20ÔªÓÅ»ÝÈ¯,https://taoquan.taobao.com/coupon/unify_apply_result_tmall.htm?seller_id=646266812&success=false&need_check=false&need_ok=true&activity_id=7b704a2c3dbe4bac85163051569cdcbe&apply_source=daily&is_collina_check=false&ok_str=pony%B9%D9%B7%BD%C6%EC%BD%A2%B5%EA+20.00%D4%AA%B5%EA%C6%CC%D3%C5%BB%DD%84%BB
pony¹Ù·½Æì½¢µê,50ÔªÓÅ»ÝÈ¯,https://taoquan.taobao.com/coupon/unify_apply_result_tmall.htm?seller_id=646266812&success=false&need_check=false&need_ok=true&activity_id=96b6343ea8294cdb84173020236132a5&apply_source=daily&is_collina_check=false&ok_str=pony%B9%D9%B7%BD%C6%EC%BD%A2%B5%EA+50.00%D4%AA%B5%EA%C6%CC%D3%C5%BB%DD%84%BB
pony¹Ù·½Æì½¢µê,100ÔªÓÅ»ÝÈ¯,https://taoquan.taobao.com/coupon/unify_apply_result_tmall.htm?seller_id=646266812&success=false&need_check=false&need_ok=true&activity_id=d565ab9996b04d4ab81cbd3277a3449b&apply_source=daily&is_collina_check=false&ok_str=pony%B9%D9%B7%BD%C6%EC%BD%A2%B5%EA+100.00%D4%AA%B5%EA%C6%CC%D3%C5%BB%DD%84%BB
Onitsuka Tiger¹Ù·½Æì½¢µê,10ÔªÓÅ»ÝÈ¯,https://taoquan.taobao.com/coupon/unify_apply_result_tmall.htm?seller_id=1635636237&success=false&need_check=false&need_ok=true&activity_id=4833ed02e0bc468ab563cbf5989115dc&apply_source=daily&is_collina_check=false&ok_str=Onitsuka+Tiger%B9%D9%B7%BD%C6%EC%BD%A2%B5%EA+10.00%D4%AA%B5%EA%C6%CC%D3%C5%BB%DD%84%BB
Onitsuka Tiger¹Ù·½Æì½¢µê,50ÔªÓÅ»ÝÈ¯,https://taoquan.taobao.com/coupon/unify_apply_result_tmall.htm?seller_id=1635636237&success=false&need_check=false&need_ok=true&activity_id=74c01475e593409f88e1b39edec008b0&apply_source=daily&is_collina_check=false&ok_str=Onitsuka+Tiger%B9%D9%B7%BD%C6%EC%BD%A2%B5%EA+50.00%D4%AA%B5%EA%C6%CC%D3%C5%BB%DD%84%BB
Onitsuka Tiger¹Ù·½Æì½¢µê,100ÔªÓÅ»ÝÈ¯,https://taoquan.taobao.com/coupon/unify_apply_result_tmall.htm?seller_id=1635636237&success=false&need_check=false&need_ok=true&activity_id=5540b46a290643649998f809679d8abf&apply_source=daily&is_collina_check=false&ok_str=Onitsuka+Tiger%B9%D9%B7%BD%C6%EC%BD%A2%B5%EA+100.00%D4%AA%B5%EA%C6%CC%D3%C5%BB%DD%84%BB
nbaÆì½¢µê,10ÔªÓÅ»ÝÈ¯,https://taoquan.taobao.com/coupon/unify_apply_result_tmall.htm?seller_id=1032435764&success=false&need_check=false&need_ok=true&activity_id=639678a0850c4bb081f67d72082cfa8a&apply_source=daily&is_collina_check=false&ok_str=nba%C6%EC%BD%A2%B5%EA+10.00%D4%AA%B5%EA%C6%CC%D3%C5%BB%DD%84%BB
nbaÆì½¢µê,30ÔªÓÅ»ÝÈ¯,https://taoquan.taobao.com/coupon/unify_apply_result_tmall.htm?seller_id=1032435764&success=false&need_check=false&need_ok=true&activity_id=76c6df8c5e08404283af8948f755ae5e&apply_source=daily&is_collina_check=false&ok_str=nba%C6%EC%BD%A2%B5%EA+30.00%D4%AA%B5%EA%C6%CC%D3%C5%BB%DD%84%BB
nbaÆì½¢µê,50ÔªÓÅ»ÝÈ¯,https://taoquan.taobao.com/coupon/unify_apply_result_tmall.htm?seller_id=1032435764&success=false&need_check=false&need_ok=true&activity_id=a13b307faa81456e8f6d4413fd271b24&apply_source=daily&is_collina_check=false&ok_str=nba%C6%EC%BD%A2%B5%EA+50.00%D4%AA%B5%EA%C6%CC%D3%C5%BB%DD%84%BB
ÀîÄþ¹Ù·½Íøµê,30ÔªÓÅ»ÝÈ¯,https://taoquan.taobao.com/coupon/unify_apply_result_tmall.htm?seller_id=92688455&success=false&need_check=false&need_ok=true&activity_id=65696cc015e647e7a6281936ea07e27f&apply_source=daily&is_collina_check=false&ok_str=%C0%EE%C4%FE%B9%D9%B7%BD%CD%F8%B5%EA+30.00%D4%AA%B5%EA%C6%CC%D3%C5%BB%DD%84%BB
ÀîÄþ¹Ù·½Íøµê,50ÔªÓÅ»ÝÈ¯,https://taoquan.taobao.com/coupon/unify_apply_result_tmall.htm?seller_id=92688455&success=false&need_check=false&need_ok=true&activity_id=7a5dc4c9f4cd421e9b29e592b5d23176&apply_source=daily&is_collina_check=false&ok_str=%C0%EE%C4%FE%B9%D9%B7%BD%CD%F8%B5%EA+50.00%D4%AA%B5%EA%C6%CC%D3%C5%BB%DD%84%BB
timberland¹Ù·½Æì½¢µê,50ÔªÓÅ»ÝÈ¯,https://timberland.tmall.com/campaign-3731-8.htm?spm=a3148.7794414.9206654044.6.o3csYk&acm=lb-zebra-23783-318662.1003.1.447146&aldid=dZGfpQ1c&scm=1003.1.lb-zebra-23783-318662.SHOP_1579814274_447146&pos=3
timberland¹Ù·½Æì½¢µê,100ÔªÓÅ»ÝÈ¯,https://timberland.tmall.com/campaign-3731-8.htm?spm=a3148.7794414.9206654044.6.o3csYk&acm=lb-zebra-23783-318662.1003.1.447146&aldid=dZGfpQ1c&scm=1003.1.lb-zebra-23783-318662.SHOP_1579814274_447146&pos=3
µÏ¿¨Ù¯Æì½¢µê,10ÔªÓÅ»ÝÈ¯,https://taoquan.taobao.com/coupon/unify_apply_result_tmall.htm?seller_id=352469034&success=false&need_check=false&need_ok=true&activity_id=6d14406a414e454881008d477c0e7413&apply_source=daily&is_collina_check=false&ok_str=%B5%CF%BF%A8%D9%AF%C6%EC%BD%A2%B5%EA+10.00%D4%AA%B5%EA%C6%CC%D3%C5%BB%DD%84%BB
Columbia¹Ù·½Æì½¢µê,100ÔªÓÅ»ÝÈ¯,https://taoquan.taobao.com/coupon/unify_apply_result_tmall.htm?seller_id=2137113794&success=false&need_check=false&need_ok=true&activity_id=b2327bf67a4a4e1bbe4fba22d047f55e&apply_source=daily&is_collina_check=false&ok_str=Columbia%B9%D9%B7%BD%C6%EC%BD%A2%B5%EA+100.00%D4%AA%C9%CC%C6%B7%D3%C5%BB%DD%84%BB
Columbia¹Ù·½Æì½¢µê,200ÔªÓÅ»ÝÈ¯,https://taoquan.taobao.com/coupon/unify_apply_result_tmall.htm?seller_id=2137113794&success=false&need_check=false&need_ok=true&activity_id=9eaac7501ffe414a8130758b4dbb8219&apply_source=daily&is_collina_check=false&ok_str=Columbia%B9%D9%B7%BD%C6%EC%BD%A2%B5%EA+200.00%D4%AA%C9%CC%C6%B7%D3%C5%BB%DD%84%BB
The North Face¹Ù·½Æì½¢µê,100ÔªÓÅ»ÝÈ¯,https://taoquan.taobao.com/coupon/unify_apply_result_tmall.htm?seller_id=928417138&success=false&need_check=false&need_ok=true&activity_id=bcaddced44f04e57bd727c680dcb20f4&apply_source=daily&is_collina_check=false&ok_str=The+North+Face%B9%D9%B7%BD%C6%EC%BD%A2%B5%EA+100.00%D4%AA%B5%EA%C6%CC%D3%C5%BB%DD%84%BB
Ì½Â·Õß¹Ù·½Æì½¢µê,20ÔªÓÅ»ÝÈ¯,https://toread.tmall.com/campaign-3731-14.htm?spm=a3148.7794414.9206654044.10.o3csYk&acm=lb-zebra-23783-318662.1003.1.447146&aldid=dZGfpQ1c&scm=1003.1.lb-zebra-23783-318662.SHOP_414285109_447146&pos=5
Ì½Â·Õß¹Ù·½Æì½¢µê,30ÔªÓÅ»ÝÈ¯,https://toread.tmall.com/campaign-3731-14.htm?spm=a3148.7794414.9206654044.10.o3csYk&acm=lb-zebra-23783-318662.1003.1.447146&aldid=dZGfpQ1c&scm=1003.1.lb-zebra-23783-318662.SHOP_414285109_447146&pos=5
Ì½Â·Õß¹Ù·½Æì½¢µê,50ÔªÓÅ»ÝÈ¯,https://toread.tmall.com/campaign-3731-14.htm?spm=a3148.7794414.9206654044.10.o3csYk&acm=lb-zebra-23783-318662.1003.1.447146&aldid=dZGfpQ1c&scm=1003.1.lb-zebra-23783-318662.SHOP_414285109_447146&pos=5
Ì½Â·Õß¹Ù·½Æì½¢µê,80ÔªÓÅ»ÝÈ¯,https://toread.tmall.com/campaign-3731-14.htm?spm=a3148.7794414.9206654044.10.o3csYk&acm=lb-zebra-23783-318662.1003.1.447146&aldid=dZGfpQ1c&scm=1003.1.lb-zebra-23783-318662.SHOP_414285109_447146&pos=5
Ì½Â·Õß¹Ù·½Æì½¢µê,100ÔªÓÅ»ÝÈ¯,https://toread.tmall.com/campaign-3731-14.htm?spm=a3148.7794414.9206654044.10.o3csYk&acm=lb-zebra-23783-318662.1003.1.447146&aldid=dZGfpQ1c&scm=1003.1.lb-zebra-23783-318662.SHOP_414285109_447146&pos=5
a21¹Ù·½Æì½¢µê,50ÔªÓÅ»ÝÈ¯,https://taoquan.taobao.com/coupon/unify_apply_result_tmall.htm?seller_id=1601145275&success=false&need_check=false&need_ok=true&activity_id=5a066bc79a8b4a1b956004b2b068059c&apply_source=daily&is_collina_check=false&ok_str=a21%B9%D9%B7%BD%C6%EC%BD%A2%B5%EA+50.00%D4%AA%B5%EA%C6%CC%D3%C5%BB%DD%84%BB
a21¹Ù·½Æì½¢µê,100ÔªÓÅ»ÝÈ¯,https://taoquan.taobao.com/coupon/unify_apply_result_tmall.htm?seller_id=1601145275&success=false&need_check=false&need_ok=true&activity_id=dc249d49d925486bb0c6c89cccacb65d&apply_source=daily&is_collina_check=false&ok_str=a21%B9%D9%B7%BD%C6%EC%BD%A2%B5%EA+100.00%D4%AA%B5%EA%C6%CC%D3%C5%BB%DD%84%BB
ÃÀÌØË¹°îÍþ¹Ù·½Íøµê,30ÔªÓÅ»ÝÈ¯,https://taoquan.taobao.com/coupon/unify_apply_result_tmall.htm?spm=a1z10.3731-b.w4945-12431327298.2.SZLXcX&seller_id=134363478&success=false&need_check=false&need_ok=true&activity_id=7591ed37760c42ff84f170524c53b081&apply_source=daily&is_collina_check=false&ok_str=%C3%C0%CC%D8%CB%B9%B0%EE%CD%FE%B9%D9%B7%BD%CD%F8%B5%EA+30.00%D4%AA%B5%EA%C6%CC%D3%C5%BB%DD%84%BB&scene=taobao_shop
ÃÀÌØË¹°îÍþ¹Ù·½Íøµê,50ÔªÓÅ»ÝÈ¯,https://taoquan.taobao.com/coupon/unify_apply_result_tmall.htm?spm=a1z10.3731-b.w4945-12431327298.3.SZLXcX&seller_id=134363478&success=false&need_check=false&need_ok=true&activity_id=4e2f625e897247118cfe96e69f340965&apply_source=daily&is_collina_check=false&ok_str=%C3%C0%CC%D8%CB%B9%B0%EE%CD%FE%B9%D9%B7%BD%CD%F8%B5%EA+50.00%D4%AA%B5%EA%C6%CC%D3%C5%BB%DD%84%BB&scene=taobao_shop
Levi's¹Ù·½Æì½¢µê,50ÔªÓÅ»ÝÈ¯,https://levis.tmall.com/campaign-3731-9.htm?spm=a3148.23787.1393268111.5.2NwNkD&acm=lb-zebra-23786-306920.1003.1.454571&aldid=8UexEc6s&scm=1003.1.lb-zebra-23786-306920.SHOP_648580690_454571&pos=3
Levi's¹Ù·½Æì½¢µê,100ÔªÓÅ»ÝÈ¯,https://levis.tmall.com/campaign-3731-9.htm?spm=a3148.23787.1393268111.5.2NwNkD&acm=lb-zebra-23786-306920.1003.1.454571&aldid=8UexEc6s&scm=1003.1.lb-zebra-23786-306920.SHOP_648580690_454571&pos=3
hipandaÆì½¢µê,5ÔªÓÅ»ÝÈ¯,https://hipanda.tmall.com/campaign-3731-8.htm?spm=a3148.23787.1393268111.7.2NwNkD&acm=lb-zebra-23786-306920.1003.1.454571&aldid=8UexEc6s&scm=1003.1.lb-zebra-23786-306920.SHOP_719969485_454571&pos=4
hipandaÆì½¢µê,20ÔªÓÅ»ÝÈ¯,https://taoquan.taobao.com/coupon/unify_apply_result_tmall.htm?seller_id=719969485&success=false&need_check=false&need_ok=true&activity_id=cab794d8e5c44e778e61e49c66fa894a&apply_source=daily&is_collina_check=false&ok_str=hipanda%C6%EC%BD%A2%B5%EA+20.00%D4%AA%B5%EA%C6%CC%D3%C5%BB%DD%84%BB
hipandaÆì½¢µê,50ÔªÓÅ»ÝÈ¯,https://taoquan.taobao.com/coupon/unify_apply_result_tmall.htm?seller_id=719969485&success=false&need_check=false&need_ok=true&activity_id=f184c58f89b44f42b533ce909c6e6c8f&apply_source=daily&is_collina_check=false&ok_str=hipanda%C6%EC%BD%A2%B5%EA+50.00%D4%AA%B5%EA%C6%CC%D3%C5%BB%DD%84%BB
hipandaÆì½¢µê,100ÔªÓÅ»ÝÈ¯,https://taoquan.taobao.com/coupon/unify_apply_result_tmall.htm?seller_id=719969485&success=false&need_check=false&need_ok=true&activity_id=990143a78f7d4c32a462ef28c9c81086&apply_source=daily&is_collina_check=false&ok_str=hipanda%C6%EC%BD%A2%B5%EA+100.00%D4%AA%B5%EA%C6%CC%D3%C5%BB%DD%84%BB
hipandaÆì½¢µê,200ÔªÓÅ»ÝÈ¯,https://taoquan.taobao.com/coupon/unify_apply_result_tmall.htm?seller_id=719969485&success=false&need_check=false&need_ok=true&activity_id=1e42fd75b75a4e478ce0a981da1a234c&apply_source=daily&is_collina_check=false&ok_str=hipanda%C6%EC%BD%A2%B5%EA+200.00%D4%AA%B5%EA%C6%CC%D3%C5%BB%DD%84%BB
hipandaÆì½¢µê,500ÔªÓÅ»ÝÈ¯,https://hipanda.tmall.com/campaign-3731-8.htm?spm=a3148.23787.1393268111.7.2NwNkD&acm=lb-zebra-23786-306920.1003.1.454571&aldid=8UexEc6s&scm=1003.1.lb-zebra-23786-306920.SHOP_719969485_454571&pos=4
ÒÂÆ·Ìì³ÉÆì½¢µê,20ÔªÓÅ»ÝÈ¯,https://taoquan.taobao.com/coupon/unify_apply_result_tmall.htm?seller_id=360260087&success=false&need_check=false&need_ok=true&activity_id=ebbd8c797c094a38aa8231a8f9c8fc1f&apply_source=daily&is_collina_check=false&ok_str=%D2%C2%C6%B7%CC%EC%B3%C9%C6%EC%BD%A2%B5%EA+20.00%D4%AA%B5%EA%C6%CC%D3%C5%BB%DD%84%BB
ÒÂÆ·Ìì³ÉÆì½¢µê,50ÔªÓÅ»ÝÈ¯,https://taoquan.taobao.com/coupon/unify_apply_result_tmall.htm?seller_id=360260087&success=false&need_check=false&need_ok=true&activity_id=68490a68b9a843c0ad862e29bbdbbfa0&apply_source=daily&is_collina_check=false&ok_str=%D2%C2%C6%B7%CC%EC%B3%C9%C6%EC%BD%A2%B5%EA+50.00%D4%AA%B5%EA%C6%CC%D3%C5%BB%DD%84%BB
JackJones¹Ù·½Æì½¢µê,50ÔªÓÅ»ÝÈ¯,https://jackjones.tmall.com/campaign-3731-9.htm?spm=a3148.23787.1393268111.11.2NwNkD&acm=lb-zebra-23786-306920.1003.1.454571&aldid=8UexEc6s&scm=1003.1.lb-zebra-23786-306920.SHOP_305358018_454571&pos=6
JackJones¹Ù·½Æì½¢µê,150ÔªÓÅ»ÝÈ¯,https://jackjones.tmall.com/campaign-3731-9.htm?spm=a3148.23787.1393268111.11.2NwNkD&acm=lb-zebra-23786-306920.1003.1.454571&aldid=8UexEc6s&scm=1003.1.lb-zebra-23786-306920.SHOP_305358018_454571&pos=6
gxg1978Æì½¢µê,50ÔªÓÅ»ÝÈ¯,https://taoquan.taobao.com/coupon/unify_apply_result_tmall.htm?seller_id=454712217&success=false&need_check=false&need_ok=true&activity_id=771bbaf9e1c74e0db3390830cebeb7c9&apply_source=daily&is_collina_check=false&ok_str=gxg1978%C6%EC%BD%A2%B5%EA+50.00%D4%AA%B5%EA%C6%CC%D3%C5%BB%DD%84%BB
gxg1979Æì½¢µê,20ÔªÓÅ»ÝÈ¯,https://taoquan.taobao.com/coupon/unify_apply_result_tmall.htm?seller_id=454712217&success=false&need_check=false&need_ok=true&activity_id=493ee6ef666b4a339d35b729c6b04544&apply_source=daily&is_collina_check=false&ok_str=gxg1978%C6%EC%BD%A2%B5%EA+20.00%D4%AA%B5%EA%C6%CC%D3%C5%BB%DD%84%BB
gxg1978Æì½¢µê,100ÔªÓÅ»ÝÈ¯,https://gxg1978.tmall.com/campaign-3731-5.htm?spm=a3148.23787.1393268111.13.2NwNkD&acm=lb-zebra-23786-306920.1003.1.454571&aldid=8UexEc6s&scm=1003.1.lb-zebra-23786-306920.SHOP_454712217_454571&pos=7
gxg1979Æì½¢µê,200ÔªÓÅ»ÝÈ¯,https://gxg1978.tmall.com/campaign-3731-5.htm?spm=a3148.23787.1393268111.13.2NwNkD&acm=lb-zebra-23786-306920.1003.1.454571&aldid=8UexEc6s&scm=1003.1.lb-zebra-23786-306920.SHOP_454712217_454571&pos=7
Âí¿Ë»ª·Æ¹Ù·½Æì½¢µê,50ÔªÓÅ»ÝÈ¯,https://taoquan.taobao.com/coupon/unify_apply_result_tmall.htm?seller_id=94399436&success=false&need_check=false&need_ok=true&activity_id=8e4dec0c358a425b8dacd367887e1180&apply_source=daily&is_collina_check=false&ok_str=%C2%ED%BF%CB%BB%AA%B7%C6%B9%D9%B7%BD%C6%EC%BD%A2%B5%EA+50.00%D4%AA%B5%EA%C6%CC%D3%C5%BB%DD%84%BB
Âí¿Ë»ª·Æ¹Ù·½Æì½¢µê,100ÔªÓÅ»ÝÈ¯,https://taoquan.taobao.com/coupon/unify_apply_result_tmall.htm?seller_id=94399436&success=false&need_check=false&need_ok=true&activity_id=5e094ebeb67f428eb18d2f48537c7c38&apply_source=daily&is_collina_check=false&ok_str=%C2%ED%BF%CB%BB%AA%B7%C6%B9%D9%B7%BD%C6%EC%BD%A2%B5%EA+100.00%D4%AA%B5%EA%C6%CC%D3%C5%BB%DD%84%BB
Âí¿Ë»ª·Æ¹Ù·½Æì½¢µê,200ÔªÓÅ»ÝÈ¯,https://taoquan.taobao.com/coupon/unify_apply_result_tmall.htm?seller_id=94399436&success=false&need_check=false&need_ok=true&activity_id=631c507b02ec42278c6a10507ff4aa7e&apply_source=daily&is_collina_check=false&ok_str=%C2%ED%BF%CB%BB%AA%B7%C6%B9%D9%B7%BD%C6%EC%BD%A2%B5%EA+200.00%D4%AA%B5%EA%C6%CC%D3%C5%BB%DD%84%BB
Âí¿Ë»ª·Æ¹Ù·½Æì½¢µê,300ÔªÓÅ»ÝÈ¯,https://taoquan.taobao.com/coupon/unify_apply_result_tmall.htm?seller_id=94399436&success=false&need_check=false&need_ok=true&activity_id=9d1d4336c0c5477fab6f340e4772b4b0&apply_source=daily&is_collina_check=false&ok_str=%C2%ED%BF%CB%BB%AA%B7%C6%B9%D9%B7%BD%C6%EC%BD%A2%B5%EA+300.00%D4%AA%B5%EA%C6%CC%D3%C5%BB%DD%84%BB
AEO¹Ù·½Æì½¢µê,5ÔªÓÅ»ÝÈ¯,https://taoquan.taobao.com/coupon/unify_apply_result_tmall.htm?seller_id=2002005727&success=false&need_check=false&need_ok=true&activity_id=29761190a9d54b7cba9cd240b86cdd58&apply_source=daily&is_collina_check=false&ok_str=AEO%B9%D9%B7%BD%C6%EC%BD%A2%B5%EA+5.00%D4%AA%B5%EA%C6%CC%D3%C5%BB%DD%84%BB
AEO¹Ù·½Æì½¢µê,20ÔªÓÅ»ÝÈ¯,https://taoquan.taobao.com/coupon/unify_apply_result_tmall.htm?seller_id=2002005727&success=false&need_check=false&need_ok=true&activity_id=1505763b73d04761a61ca010eae5e208&apply_source=daily&is_collina_check=false&ok_str=AEO%B9%D9%B7%BD%C6%EC%BD%A2%B5%EA+20.00%D4%AA%B5%EA%C6%CC%D3%C5%BB%DD%84%BB
AEO¹Ù·½Æì½¢µê,50ÔªÓÅ»ÝÈ¯,https://taoquan.taobao.com/coupon/unify_apply_result_tmall.htm?seller_id=2002005727&success=false&need_check=false&need_ok=true&activity_id=65fc3e2afa60429eba6be64f4f65b5ee&apply_source=daily&is_collina_check=false&ok_str=AEO%B9%D9%B7%BD%C6%EC%BD%A2%B5%EA+50.00%D4%AA%B5%EA%C6%CC%D3%C5%BB%DD%84%BB
AEO¹Ù·½Æì½¢µê,100ÔªÓÅ»ÝÈ¯,https://taoquan.taobao.com/coupon/unify_apply_result_tmall.htm?seller_id=2002005727&success=false&need_check=false&need_ok=true&activity_id=e8a51068404f497ca02e933e718daaff&apply_source=daily&is_collina_check=false&ok_str=AEO%B9%D9%B7%BD%C6%EC%BD%A2%B5%EA+100.00%D4%AA%B5%EA%C6%CC%D3%C5%BB%DD%84%BB
SELECTED¹Ù·½Æì½¢µê,50ÔªÓÅ»ÝÈ¯,https://taoquan.taobao.com/coupon/unify_apply_result_tmall.htm?seller_id=849905958&success=false&need_check=false&need_ok=true&activity_id=8dc7e2693c3a46bd8b6bfe7981da9cde&apply_source=daily&is_collina_check=false&ok_str=SELECTED%B9%D9%B7%BD%C6%EC%BD%A2%B5%EA+50.00%D4%AA%B5%EA%C6%CC%D3%C5%BB%DD%84%BB
SELECTED¹Ù·½Æì½¢µê,150ÔªÓÅ»ÝÈ¯,https://taoquan.taobao.com/coupon/unify_apply_result_tmall.htm?seller_id=849905958&success=false&need_check=false&need_ok=true&activity_id=ac9312ff95944db1b68011602634406b&apply_source=daily&is_collina_check=false&ok_str=SELECTED%B9%D9%B7%BD%C6%EC%BD%A2%B5%EA+150.00%D4%AA%B5%EA%C6%CC%D3%C5%BB%DD%84%BB
dickies¹Ù·½Æì½¢µê,10ÔªÓÅ»ÝÈ¯,https://taoquan.taobao.com/coupon/unify_apply_result_tmall.htm?seller_id=711882582&success=false&need_check=false&need_ok=true&activity_id=198ac6dc576c4e41866f4c34651185f0&apply_source=daily&is_collina_check=false&ok_str=dickies%B9%D9%B7%BD%C6%EC%BD%A2%B5%EA+10.00%D4%AA%B5%EA%C6%CC%D3%C5%BB%DD%84%BB
dickies¹Ù·½Æì½¢µê,50ÔªÓÅ»ÝÈ¯,https://taoquan.taobao.com/coupon/unify_apply_result_tmall.htm?seller_id=711882582&success=false&need_check=false&need_ok=true&activity_id=b71969e674034c94ba548fc2077b000b&apply_source=daily&is_collina_check=false&ok_str=dickies%B9%D9%B7%BD%C6%EC%BD%A2%B5%EA+50.00%D4%AA%B5%EA%C6%CC%D3%C5%BB%DD%84%BB
dickies¹Ù·½Æì½¢µê,100ÔªÓÅ»ÝÈ¯,https://taoquan.taobao.com/coupon/unify_apply_result_tmall.htm?seller_id=711882582&success=false&need_check=false&need_ok=true&activity_id=433b80bc98ec4661847596f1829c15b6&apply_source=daily&is_collina_check=false&ok_str=dickies%B9%D9%B7%BD%C6%EC%BD%A2%B5%EA+100.00%D4%AA%B5%EA%C6%CC%D3%C5%BB%DD%84%BB
trendiano¹Ù·½Æì½¢µê,10ÔªÓÅ»ÝÈ¯,https://taoquan.taobao.com/coupon/unify_apply_result_tmall.htm?seller_id=1778137875&success=false&need_check=false&need_ok=true&activity_id=0bc8c0c4652e4edd9e9fcb856efd6655&apply_source=daily&is_collina_check=false&ok_str=trendiano%B9%D9%B7%BD%C6%EC%BD%A2%B5%EA+10.00%D4%AA%B5%EA%C6%CC%D3%C5%BB%DD%84%BB
trendiano¹Ù·½Æì½¢µê,50ÔªÓÅ»ÝÈ¯,https://taoquan.taobao.com/coupon/unify_apply_result_tmall.htm?seller_id=1778137875&success=false&need_check=false&need_ok=true&activity_id=906da6f3c11849a9ae632163739173c9&apply_source=daily&is_collina_check=false&ok_str=trendiano%B9%D9%B7%BD%C6%EC%BD%A2%B5%EA+50.00%D4%AA%B5%EA%C6%CC%D3%C5%BB%DD%84%BB
trendiano¹Ù·½Æì½¢µê,100ÔªÓÅ»ÝÈ¯,https://taoquan.taobao.com/coupon/unify_apply_result_tmall.htm?seller_id=1778137875&success=false&need_check=false&need_ok=true&activity_id=2e90d7bd3fc34dfa9f460ccd55a0afa5&apply_source=daily&is_collina_check=false&ok_str=trendiano%B9%D9%B7%BD%C6%EC%BD%A2%B5%EA+100.00%D4%AA%B5%EA%C6%CC%D3%C5%BB%DD%84%BB
ÕæÎ¬Ë¹¹Ù·½Æì½¢µê,20ÔªÓÅ»ÝÈ¯,https://taoquan.taobao.com/coupon/unify_apply_result_tmall.htm?seller_id=289268212&success=false&need_check=false&need_ok=true&activity_id=3a73e5fc08db4468bacaba3b20e2e89a&apply_source=daily&is_collina_check=false&ok_str=%D5%E6%CE%AC%CB%B9%B9%D9%B7%BD%C6%EC%BD%A2%B5%EA+20.00%D4%AA%B5%EA%C6%CC%D3%C5%BB%DD%84%BB
ÕæÎ¬Ë¹¹Ù·½Æì½¢µê,50ÔªÓÅ»ÝÈ¯,https://taoquan.taobao.com/coupon/unify_apply_result_tmall.htm?seller_id=289268212&success=false&need_check=false&need_ok=true&activity_id=6ebc3f46c9ff4263a7d351edf6b968d6&apply_source=daily&is_collina_check=false&ok_str=%D5%E6%CE%AC%CB%B9%B9%D9%B7%BD%C6%EC%BD%A2%B5%EA+50.00%D4%AA%B5%EA%C6%CC%D3%C5%BB%DD%84%BB
ÕæÎ¬Ë¹¹Ù·½Æì½¢µê,100ÔªÓÅ»ÝÈ¯,https://taoquan.taobao.com/coupon/unify_apply_result_tmall.htm?seller_id=289268212&success=false&need_check=false&need_ok=true&activity_id=84a0daad2c7e4030b201f089b390d8e6&apply_source=daily&is_collina_check=false&ok_str=%D5%E6%CE%AC%CB%B9%B9%D9%B7%BD%C6%EC%BD%A2%B5%EA+100.00%D4%AA%B5%EA%C6%CC%D3%C5%BB%DD%84%BB
ÓÅÒÂ¿â¹Ù·½Æì½¢µê,50ÔªÓÅ»ÝÈ¯,https://uniqlo.tmall.com/campaign-3731-28.htm?spm=a3148.23787.1393268111.27.2NwNkD&acm=lb-zebra-23786-306920.1003.1.454571&aldid=8UexEc6s&scm=1003.1.lb-zebra-23786-306920.SHOP_196993935_454571&pos=14
playboyÄÐ×°Æì½¢µê,20ÔªÓÅ»ÝÈ¯,https://taoquan.taobao.com/coupon/unify_apply_result_tmall.htm?seller_id=1610222843&success=false&need_check=false&need_ok=true&activity_id=19b98667258d4b50bb92e12865fbc7bc&apply_source=daily&is_collina_check=false&ok_str=playboy%C4%D0%D7%B0%C6%EC%BD%A2%B5%EA+20.00%D4%AA%B5%EA%C6%CC%D3%C5%BB%DD%84%BB
ÂæÍÕÄÐ×°Æì½¢µê,20ÔªÓÅ»ÝÈ¯,https://taoquan.taobao.com/coupon/unify_apply_result_tmall.htm?seller_id=839919086&success=false&need_check=false&need_ok=true&activity_id=acffa3c7a6cc4ddc9b18fdfecbb4f83a&apply_source=daily&is_collina_check=false&ok_str=%C2%E6%CD%D5%C4%D0%D7%B0%C6%EC%BD%A2%B5%EA+20.00%D4%AA%B5%EA%C6%CC%D3%C5%BB%DD%84%BB
ÂæÍÕÄÐ×°Æì½¢µê,50ÔªÓÅ»ÝÈ¯,https://taoquan.taobao.com/coupon/unify_apply_result_tmall.htm?seller_id=839919086&success=false&need_check=false&need_ok=true&activity_id=7340704681a640e6b20297568d394b0c&apply_source=daily&is_collina_check=false&ok_str=%C2%E6%CD%D5%C4%D0%D7%B0%C6%EC%BD%A2%B5%EA+50.00%D4%AA%B5%EA%C6%CC%D3%C5%BB%DD%84%BB
×ôµ¤Å«¹Ù·½Æì½¢µê,30ÔªÓÅ»ÝÈ¯,https://taoquan.taobao.com/coupon/unify_apply_result_tmall.htm?seller_id=94008339&success=false&need_check=false&need_ok=true&activity_id=ed0f9a52c21e43e394f7c1b354c5da92&apply_source=daily&is_collina_check=false&ok_str=%D7%F4%B5%A4%C5%AB%B9%D9%B7%BD%C6%EC%BD%A2%B5%EA+30.00%D4%AA%B5%EA%C6%CC%D3%C5%BB%DD%84%BB
×ôµ¤Å«¹Ù·½Æì½¢µê,50ÔªÓÅ»ÝÈ¯,https://taoquan.taobao.com/coupon/unify_apply_result_tmall.htm?seller_id=94008339&success=false&need_check=false&need_ok=true&activity_id=9b1fc4bfea2a4ba7b964f5c63a0e6bb2&apply_source=daily&is_collina_check=false&ok_str=%D7%F4%B5%A4%C5%AB%B9%D9%B7%BD%C6%EC%BD%A2%B5%EA+50.00%D4%AA%B5%EA%C6%CC%D3%C5%BB%DD%84%BB
lee¹Ù·½Æì½¢µê,200ÔªÓÅ»ÝÈ¯,https://taoquan.taobao.com/coupon/unify_apply_result_tmall.htm?seller_id=928622636&success=false&need_check=false&need_ok=true&activity_id=b4a9aac0ee1f46a2b97900e4f2f7956e&apply_source=daily&is_collina_check=false&ok_str=lee%B9%D9%B7%BD%C6%EC%BD%A2%B5%EA+200.00%D4%AA%B5%EA%C6%CC%D3%C5%BB%DD%84%BB
lee¹Ù·½Æì½¢µê,100ÔªÓÅ»ÝÈ¯,https://taoquan.taobao.com/coupon/unify_apply_result_tmall.htm?seller_id=928622636&success=false&need_check=false&need_ok=true&activity_id=9e57a89d0c9d4fbbacfeec78013f0e29&apply_source=daily&is_collina_check=false&ok_str=lee%B9%D9%B7%BD%C6%EC%BD%A2%B5%EA+100.00%D4%AA%B5%EA%C6%CC%D3%C5%BB%DD%84%BB
lee¹Ù·½Æì½¢µê,50ÔªÓÅ»ÝÈ¯,https://taoquan.taobao.com/coupon/unify_apply_result_tmall.htm?seller_id=928622636&success=false&need_check=false&need_ok=true&activity_id=75a893c5b88348d3922912685f4ea754&apply_source=daily&is_collina_check=false&ok_str=lee%B9%D9%B7%BD%C6%EC%BD%A2%B5%EA+50.00%D4%AA%B5%EA%C6%CC%D3%C5%BB%DD%84%BB
Levi's¹Ù·½Æì½¢µê,50ÔªÓÅ»ÝÈ¯,https://levis.tmall.com/campaign-3731-9.htm?spm=a3148.23787.7308650464.8.UWkkjo&acm=lb-zebra-23786-307978.1003.1.453684&aldid=cnHSLpak&scm=1003.1.lb-zebra-23786-307978.SHOP_648580690_453684&pos=4
Levi's¹Ù·½Æì½¢µê,100ÔªÓÅ»ÝÈ¯,https://levis.tmall.com/campaign-3731-9.htm?spm=a3148.23787.7308650464.8.UWkkjo&acm=lb-zebra-23786-307978.1003.1.453684&aldid=cnHSLpak&scm=1003.1.lb-zebra-23786-307978.SHOP_648580690_453684&pos=4
²¨Ë¾µÇ¹Ù·½Æì½¢µê,20ÔªÓÅ»ÝÈ¯,https://taoquan.taobao.com/coupon/unify_apply_result_tmall.htm?seller_id=158748311&success=false&need_check=false&need_ok=true&activity_id=4a9e460fd93e413985caf235f6f56b55&apply_source=daily&is_collina_check=false&ok_str=%B2%A8%CB%BE%B5%C7%B9%D9%B7%BD%C6%EC%BD%A2%B5%EA+20.00%D4%AA%B5%EA%C6%CC%D3%C5%BB%DD%84%BB
²¨Ë¾µÇ¹Ù·½Æì½¢µê,50ÔªÓÅ»ÝÈ¯,https://taoquan.taobao.com/coupon/unify_apply_result_tmall.htm?seller_id=158748311&success=false&need_check=false&need_ok=true&activity_id=e8cf62776a7a4270bc1a50252f94ee04&apply_source=daily&is_collina_check=false&ok_str=%B2%A8%CB%BE%B5%C7%B9%D9%B7%BD%C6%EC%BD%A2%B5%EA+50.00%D4%AA%B5%EA%C6%CC%D3%C5%BB%DD%84%BB
²¨Ë¾µÇ¹Ù·½Æì½¢µê,100ÔªÓÅ»ÝÈ¯,https://taoquan.taobao.com/coupon/unify_apply_result_tmall.htm?seller_id=158748311&success=false&need_check=false&need_ok=true&activity_id=ba6f70f966e349499d8cb6b8aed7ee4d&apply_source=daily&is_collina_check=false&ok_str=%B2%A8%CB%BE%B5%C7%B9%D9%B7%BD%C6%EC%BD%A2%B5%EA+100.00%D4%AA%B5%EA%C6%CC%D3%C5%BB%DD%84%BB
Gap¹Ù·½Æì½¢µê,20ÔªÓÅ»ÝÈ¯,https://taoquan.taobao.com/coupon/unify_apply_result_tmall.htm?seller_id=669642169&success=false&need_check=false&need_ok=true&activity_id=d7f18e3f09084b07b4eefb2c23448397&apply_source=daily&is_collina_check=false&ok_str=Gap%B9%D9%B7%BD%C6%EC%BD%A2%B5%EA+20.00%D4%AA%B5%EA%C6%CC%D3%C5%BB%DD%84%BB
Gap¹Ù·½Æì½¢µê,50ÔªÓÅ»ÝÈ¯,https://taoquan.taobao.com/coupon/unify_apply_result_tmall.htm?seller_id=669642169&success=false&need_check=false&need_ok=true&activity_id=34939c4dac27410c9fe400524f538e60&apply_source=daily&is_collina_check=false&ok_str=Gap%B9%D9%B7%BD%C6%EC%BD%A2%B5%EA+50.00%D4%AA%B5%EA%C6%CC%D3%C5%BB%DD%84%BB
Gap¹Ù·½Æì½¢µê,100ÔªÓÅ»ÝÈ¯,https://taoquan.taobao.com/coupon/unify_apply_result_tmall.htm?seller_id=669642169&success=false&need_check=false&need_ok=true&activity_id=335856ab896e4f5995d024058232d8f7&apply_source=daily&is_collina_check=false&ok_str=Gap%B9%D9%B7%BD%C6%EC%BD%A2%B5%EA+100.00%D4%AA%B5%EA%C6%CC%D3%C5%BB%DD%84%BB
É­Âí¹Ù·½Æì½¢µê,50ÔªÓÅ»ÝÈ¯,https://taoquan.taobao.com/coupon/unify_apply_result_tmall.htm?seller_id=397341302&success=false&need_check=false&need_ok=true&activity_id=7268251c9645428b9a479730418afb93&apply_source=daily&is_collina_check=false&ok_str=%C9%AD%C2%ED%B9%D9%B7%BD%C6%EC%BD%A2%B5%EA+50.00%D4%AA%B5%EA%C6%CC%D3%C5%BB%DD%84%BB
É­Âí¹Ù·½Æì½¢µê,20ÔªÓÅ»ÝÈ¯,https://taoquan.taobao.com/coupon/unify_apply_result_tmall.htm?seller_id=397341302&success=false&need_check=false&need_ok=true&activity_id=ecf5d4f585a740fdb9ce1f86a5cd0ea0&apply_source=daily&is_collina_check=false&ok_str=%C9%AD%C2%ED%B9%D9%B7%BD%C6%EC%BD%A2%B5%EA+20.00%D4%AA%B5%EA%C6%CC%D3%C5%BB%DD%84%BB
i.t ¹Ù·½Æì½¢µê,20ÔªÓÅ»ÝÈ¯,https://taoquan.taobao.com/coupon/unify_apply_result_tmall.htm?spm=a1z10.3731-b.w10678377-12504429902.2.ooy0qY&seller_id=775836877&success=false&need_check=false&need_ok=true&activity_id=1e5e058222834b189bba20f317e908bf&apply_source=daily&is_collina_check=false&ok_str=i.t+%B9%D9%B7%BD%C6%EC%BD%A2%B5%EA+20.00%D4%AA%B5%EA%C6%CC%D3%C5%BB%DD%84%BB
i.t ¹Ù·½Æì½¢µê,50ÔªÓÅ»ÝÈ¯,https://taoquan.taobao.com/coupon/unify_apply_result_tmall.htm?spm=a1z10.3731-b.w10678377-12504429902.5.ooy0qY&seller_id=775836877&success=false&need_check=false&need_ok=true&activity_id=914ef1cf596140f6b93e568bd6e287da&apply_source=daily&is_collina_check=false&ok_str=i.t+%B9%D9%B7%BD%C6%EC%BD%A2%B5%EA+50.00%D4%AA%B5%EA%C6%CC%D3%C5%BB%DD%84%BB
i.t ¹Ù·½Æì½¢µê,100ÔªÓÅ»ÝÈ¯,https://taoquan.taobao.com/coupon/unify_apply_result_tmall.htm?seller_id=775836877&success=false&need_check=false&need_ok=true&activity_id=0e4317249ae44d21a837fcbde475f731&apply_source=daily&is_collina_check=false&ok_str=i.t+%B9%D9%B7%BD%C6%EC%BD%A2%B5%EA+100.00%D4%AA%B5%EA%C6%CC%D3%C5%BB%DD%84%BB
GXG¹Ù·½Æì½¢µê,50ÔªÓÅ»ÝÈ¯,https://taoquan.taobao.com/coupon/unify_apply_result_tmall.htm?seller_id=454291526&success=false&need_check=false&need_ok=true&activity_id=4dfa4bfcdfcd49d2a29d0f4a4148cde0&apply_source=daily&is_collina_check=false&ok_str=GXG%B9%D9%B7%BD%C6%EC%BD%A2%B5%EA+50.00%D4%AA%B5%EA%C6%CC%D3%C5%BB%DD%84%BB
GXG¹Ù·½Æì½¢µê,100ÔªÓÅ»ÝÈ¯,https://taoquan.taobao.com/coupon/unify_apply_result_tmall.htm?seller_id=454291526&success=false&need_check=false&need_ok=true&activity_id=ee62779691cf4727a186f10f104b41e7&apply_source=daily&is_collina_check=false&ok_str=GXG%B9%D9%B7%BD%C6%EC%BD%A2%B5%EA+100.00%D4%AA%B5%EA%C6%CC%D3%C5%BB%DD%84%BB
AMH¹Ù·½Æì½¢µê,20ÔªÓÅ»ÝÈ¯,https://taoquan.taobao.com/coupon/unify_apply_result_tmall.htm?seller_id=849727411&success=false&need_check=false&need_ok=true&activity_id=1b288bac4c46458aa74cf3669aa2e11d&apply_source=daily&is_collina_check=false&ok_str=AMH%B9%D9%B7%BD%C6%EC%BD%A2%B5%EA+20.00%D4%AA%B5%EA%C6%CC%D3%C5%BB%DD%84%BB
AMH¹Ù·½Æì½¢µê,50ÔªÓÅ»ÝÈ¯,https://taoquan.taobao.com/coupon/unify_apply_result_tmall.htm?seller_id=849727411&success=false&need_check=false&need_ok=true&activity_id=10b9a6e9aa864e37b53645387b596cb9&apply_source=daily&is_collina_check=false&ok_str=AMH%B9%D9%B7%BD%C6%EC%BD%A2%B5%EA+50.00%D4%AA%B5%EA%C6%CC%D3%C5%BB%DD%84%BB
AMH¹Ù·½Æì½¢µê,100ÔªÓÅ»ÝÈ¯,https://taoquan.taobao.com/coupon/unify_apply_result_tmall.htm?seller_id=849727411&success=false&need_check=false&need_ok=true&activity_id=2c6626f7a4f4471ab29c4844ee95f0b3&apply_source=daily&is_collina_check=false&ok_str=AMH%B9%D9%B7%BD%C6%EC%BD%A2%B5%EA+100.00%D4%AA%B5%EA%C6%CC%D3%C5%BB%DD%84%BB
»¨óÏ¼ÇÆì½¢µê,50ÔªÓÅ»ÝÈ¯,https://taoquan.taobao.com/coupon/unify_apply_result_tmall.htm?seller_id=608273487&success=false&need_check=false&need_ok=true&activity_id=ee3eeff5ff6843c49c4060bbe311e7b6&apply_source=daily&is_collina_check=false&ok_str=%BB%A8%F3%CF%BC%C7%C6%EC%BD%A2%B5%EA+50.00%D4%AA%B5%EA%C6%CC%D3%C5%BB%DD%84%BB
»¨óÏ¼ÇÆì½¢µê,100ÔªÓÅ»ÝÈ¯,https://taoquan.taobao.com/coupon/unify_apply_result_tmall.htm?seller_id=608273487&success=false&need_check=false&need_ok=true&activity_id=be4454b3ed19492995cd64bd2ebfe815&apply_source=daily&is_collina_check=false&ok_str=%BB%A8%F3%CF%BC%C7%C6%EC%BD%A2%B5%EA+100.00%D4%AA%B5%EA%C6%CC%D3%C5%BB%DD%84%BB
»¨óÏ¼ÇÆì½¢µê,200ÔªÓÅ»ÝÈ¯,https://taoquan.taobao.com/coupon/unify_apply_result_tmall.htm?seller_id=608273487&success=false&need_check=false&need_ok=true&activity_id=346f6f6a71104f44ad0ffc517a09c9a2&apply_source=daily&is_collina_check=false&ok_str=%BB%A8%F3%CF%BC%C7%C6%EC%BD%A2%B5%EA+200.00%D4%AA%B5%EA%C6%CC%D3%C5%BB%DD%84%BB
ÌÆÊ¨¹Ù·½Æì½¢µê,50ÔªÓÅ»ÝÈ¯,https://taoquan.taobao.com/coupon/unify_apply_result_tmall.htm?spm=a1z10.3731-b.w10580958-12397759286.15.fUA3xd&seller_id=188124207&success=false&need_check=false&need_ok=true&activity_id=ac94d32dc7934513bcdec3c6dd1d3a19&apply_source=daily&is_collina_check=false&ok_str=%CC%C6%CA%A8%B9%D9%B7%BD%C6%EC%BD%A2%B5%EA+50.00%D4%AA%B5%EA%C6%CC%D3%C5%BB%DD%84%BB
ÌÆÊ¨¹Ù·½Æì½¢µê,20ÔªÓÅ»ÝÈ¯,https://taoquan.taobao.com/coupon/unify_apply_result_tmall.htm?seller_id=188124207&success=false&need_check=false&need_ok=true&activity_id=0843c1d70312499f8174ee146cdaf7ee&apply_source=daily&is_collina_check=false&ok_str=%CC%C6%CA%A8%B9%D9%B7%BD%C6%EC%BD%A2%B5%EA+20.00%D4%AA%B5%EA%C6%CC%D3%C5%BB%DD%84%BB
ÎåÔÂ»¨¹Ù·½Æì½¢µê,5ÔªÓÅ»ÝÈ¯,https://taoquan.taobao.com/coupon/unify_apply_result_tmall.htm?seller_id=1036893291&success=false&need_check=false&need_ok=true&activity_id=e812a05b6c024d23a7d877babbaa7228&apply_source=daily&is_collina_check=false&ok_str=%CE%E5%D4%C2%BB%A8%B9%D9%B7%BD%C6%EC%BD%A2%B5%EA+5.00%D4%AA%B5%EA%C6%CC%D3%C5%BB%DD%84%BB
paulfrank¹Ù·½Æì½¢µê,30ÔªÓÅ»ÝÈ¯,https://paulfrank.tmall.com/campaign-3731-7.htm?spm=a1z10.1-b.w5001-3444635780.19.brm1v4&scene=taobao_shop
paulfrank¹Ù·½Æì½¢µê,50ÔªÓÅ»ÝÈ¯,https://paulfrank.tmall.com/campaign-3731-7.htm?spm=a1z10.1-b.w5001-3444635780.19.brm1v4&scene=taobao_shop
paulfrank¹Ù·½Æì½¢µê,100ÔªÓÅ»ÝÈ¯,https://paulfrank.tmall.com/campaign-3731-7.htm?spm=a1z10.1-b.w5001-3444635780.19.brm1v4&scene=taobao_shop
esprit¹Ù·½Æì½¢µê,30ÔªÓÅ»ÝÈ¯,https://taoquan.taobao.com/coupon/unify_apply_result_tmall.htm?seller_id=667334702&success=false&need_check=false&need_ok=true&activity_id=1f8fca20827c4515a4d115f9abc75f72&apply_source=daily&is_collina_check=false&ok_str=esprit%B9%D9%B7%BD%C6%EC%BD%A2%B5%EA+30.00%D4%AA%B5%EA%C6%CC%D3%C5%BB%DD%84%BB
esprit¹Ù·½Æì½¢µê,50ÔªÓÅ»ÝÈ¯,https://taoquan.taobao.com/coupon/unify_apply_result_tmall.htm?seller_id=667334702&success=false&need_check=false&need_ok=true&activity_id=bf67e21ba8c8443292b0e21c8accacc0&apply_source=daily&is_collina_check=false&ok_str=esprit%B9%D9%B7%BD%C6%EC%BD%A2%B5%EA+50.00%D4%AA%B5%EA%C6%CC%D3%C5%BB%DD%84%BB
esprit¹Ù·½Æì½¢µê,100ÔªÓÅ»ÝÈ¯,https://taoquan.taobao.com/coupon/unify_apply_result_tmall.htm?seller_id=667334702&success=false&need_check=false&need_ok=true&activity_id=ced469ec65044bc58797525c78336c33&apply_source=daily&is_collina_check=false&ok_str=esprit%B9%D9%B7%BD%C6%EC%BD%A2%B5%EA+100.00%D4%AA%B5%EA%C6%CC%D3%C5%BB%DD%84%BB
TeenieWeenie¹Ù·½Æì½¢µê,50ÔªÓÅ»ÝÈ¯,https://taoquan.taobao.com/coupon/unify_apply_result_tmall.htm?seller_id=1771485843&success=false&need_check=false&need_ok=true&activity_id=14ecf7dd9faf49eaaebba7e86d14b303&apply_source=daily&is_collina_check=false&ok_str=TeenieWeenie%B9%D9%B7%BD%C6%EC%BD%A2%B5%EA+50.00%D4%AA%B5%EA%C6%CC%D3%C5%BB%DD%84%BB
TeenieWeenie¹Ù·½Æì½¢µê,100ÔªÓÅ»ÝÈ¯,https://taoquan.taobao.com/coupon/unify_apply_result_tmall.htm?seller_id=1771485843&success=false&need_check=false&need_ok=true&activity_id=0ec7b69713694641993eae419fccd60e&apply_source=daily&is_collina_check=false&ok_str=TeenieWeenie%B9%D9%B7%BD%C6%EC%BD%A2%B5%EA+100.00%D4%AA%B5%EA%C6%CC%D3%C5%BB%DD%84%BB
TeenieWeenie¹Ù·½Æì½¢µê,200ÔªÓÅ»ÝÈ¯,https://taoquan.taobao.com/coupon/unify_apply_result_tmall.htm?seller_id=1771485843&success=false&need_check=false&need_ok=true&activity_id=744d96929b99402faf831e7c4d48bae4&apply_source=daily&is_collina_check=false&ok_str=TeenieWeenie%B9%D9%B7%BD%C6%EC%BD%A2%B5%EA+200.00%D4%AA%B5%EA%C6%CC%D3%C5%BB%DD%84%BB
TeenieWeenie¹Ù·½Æì½¢µê,300ÔªÓÅ»ÝÈ¯,https://taoquan.taobao.com/coupon/unify_apply_result_tmall.htm?seller_id=1771485843&success=false&need_check=false&need_ok=true&activity_id=65866a7ca36b4e95a74d314db76cff7e&apply_source=daily&is_collina_check=false&ok_str=TeenieWeenie%B9%D9%B7%BD%C6%EC%BD%A2%B5%EA+300.00%D4%AA%B5%EA%C6%CC%D3%C5%BB%DD%84%BB
TeenieWeenie¹Ù·½Æì½¢µê,500ÔªÓÅ»ÝÈ¯,https://taoquan.taobao.com/coupon/unify_apply_result_tmall.htm?seller_id=1771485843&success=false&need_check=false&need_ok=true&activity_id=f79f5a3ef2764782a5150a9864daaee5&apply_source=daily&is_collina_check=false&ok_str=TeenieWeenie%B9%D9%B7%BD%C6%EC%BD%A2%B5%EA+500.00%D4%AA%B5%EA%C6%CC%D3%C5%BB%DD%84%BB
nepiaÆì½¢µê,10ÔªÓÅ»ÝÈ¯,https://taoquan.taobao.com/coupon/unify_apply_result_tmall.htm?seller_id=2169636999&success=false&need_check=false&need_ok=true&activity_id=af194554a61d44a1b07f11ba641b1d05&apply_source=daily&is_collina_check=false&ok_str=nepia%C6%EC%BD%A2%B5%EA+10.00%D4%AA%B5%EA%C6%CC%D3%C5%BB%DD%84%BB
nepiaÆì½¢µê,20ÔªÓÅ»ÝÈ¯,https://taoquan.taobao.com/coupon/unify_apply_result_tmall.htm?seller_id=2169636999&success=false&need_check=false&need_ok=true&activity_id=37e54ae5e7e347318f492b6ca917d447&apply_source=daily&is_collina_check=false&ok_str=nepia%C6%EC%BD%A2%B5%EA+20.00%D4%AA%B5%EA%C6%CC%D3%C5%BB%DD%84%BB
±¦½à¹Ù·½Æì½¢µê,3.8ÕÛÆð,https://pg.tmall.com/p/pg1111dianpuchengjieye.htm?spm=a220o.1000855.w5001-10093775372.6.vFvYRx&scene=taobao_shop
ÁªºÏÀû»ª¹Ù·½Æì½¢µê,20ÔªÓÅ»ÝÈ¯,https://taoquan.taobao.com/coupon/unify_apply_result_tmall.htm?spm=a1z10.1-b.w5003-12433404416.9.prM7pr&seller_id=700459267&success=false&need_check=false&need_ok=true&activity_id=da03b7c44dfb4eea91d0eb7cd3f06303&apply_source=daily&is_collina_check=false&ok_str=%C1%AA%BA%CF%C0%FB%BB%AA%B9%D9%B7%BD%C6%EC%BD%A2%B5%EA+20.00%D4%AA%B5%EA%C6%CC%D3%C5%BB%DD%84%BB&scene=taobao_shop
É³Ðû¹Ù·½Æì½¢µê,10ÔªÓÅ»ÝÈ¯,https://taoquan.taobao.com/coupon/unify_apply_result_tmall.htm?seller_id=1943402959&success=false&need_check=false&need_ok=true&activity_id=a793cfa474c44e6c92bb0b5215200e4a&apply_source=daily&is_collina_check=false&ok_str=%C9%B3%D0%FB%B9%D9%B7%BD%C6%EC%BD%A2%B5%EA+10.00%D4%AA%C9%CC%C6%B7%D3%C5%BB%DD%84%BB
ora2ð©ÀÖ³ÝÆì½¢µê,5ÔªÓÅ»ÝÈ¯,https://taoquan.taobao.com/coupon/unify_apply_result_tmall.htm?seller_id=1748416497&success=false&need_check=false&need_ok=true&activity_id=e570682dbf2746009b919eb76504d702&apply_source=daily&is_collina_check=false&ok_str=ora2%F0%A9%C0%D6%B3%DD%C6%EC%BD%A2%B5%EA+5.00%D4%AA%B5%EA%C6%CC%D3%C5%BB%DD%84%BB
ora3ð©ÀÖ³ÝÆì½¢µê,10ÔªÓÅ»ÝÈ¯,https://taoquan.taobao.com/coupon/unify_apply_result_tmall.htm?seller_id=1748416497&success=false&need_check=false&need_ok=true&activity_id=22c67cbaedca4e259a6ec027b1061209&apply_source=daily&is_collina_check=false&ok_str=ora2%F0%A9%C0%D6%B3%DD%C6%EC%BD%A2%B5%EA+10.00%D4%AA%B5%EA%C6%CC%D3%C5%BB%DD%84%BB
ora4ð©ÀÖ³ÝÆì½¢µê,20ÔªÓÅ»ÝÈ¯,https://taoquan.taobao.com/coupon/unify_apply_result_tmall.htm?seller_id=1748416497&success=false&need_check=false&need_ok=true&activity_id=2a1adfdd073248cb98ba8d6d7c123451&apply_source=daily&is_collina_check=false&ok_str=ora2%F0%A9%C0%D6%B3%DD%C6%EC%BD%A2%B5%EA+20.00%D4%AA%B5%EA%C6%CC%D3%C5%BB%DD%84%BB
Á¼Æ·ÆÌ×ÓÆì½¢µê,3ÔªÓÅ»ÝÈ¯,https://taoquan.taobao.com/coupon/unify_apply_result_tmall.htm?seller_id=619123122&success=false&need_check=false&need_ok=true&activity_id=d3c92be84b30421191fb55bf4cf2c1c2&apply_source=daily&is_collina_check=false&ok_str=%C1%BC%C6%B7%C6%CC%D7%D3%C6%EC%BD%A2%B5%EA+3.00%D4%AA%B5%EA%C6%CC%D3%C5%BB%DD%84%BB
Á¼Æ·ÆÌ×ÓÆì½¢µê,5ÔªÓÅ»ÝÈ¯,https://taoquan.taobao.com/coupon/unify_apply_result_tmall.htm?seller_id=619123122&success=false&need_check=false&need_ok=true&activity_id=0a975ef112d443bebb435387a5535a65&apply_source=daily&is_collina_check=false&ok_str=%C1%BC%C6%B7%C6%CC%D7%D3%C6%EC%BD%A2%B5%EA+5.00%D4%AA%B5%EA%C6%CC%D3%C5%BB%DD%84%BB
Á¼Æ·ÆÌ×ÓÆì½¢µê,10ÔªÓÅ»ÝÈ¯,https://taoquan.taobao.com/coupon/unify_apply_result_tmall.htm?seller_id=619123122&success=false&need_check=false&need_ok=true&activity_id=c5ac054c61e449b19ff4f16d97a02b63&apply_source=daily&is_collina_check=false&ok_str=%C1%BC%C6%B7%C6%CC%D7%D3%C6%EC%BD%A2%B5%EA+10.00%D4%AA%B5%EA%C6%CC%D3%C5%BB%DD%84%BB
Á¼Æ·ÆÌ×ÓÆì½¢µê,20ÔªÓÅ»ÝÈ¯,https://taoquan.taobao.com/coupon/unify_apply_result_tmall.htm?seller_id=619123122&success=false&need_check=false&need_ok=true&activity_id=4ac4960bfd6540eaa17be3f87561a616&apply_source=daily&is_collina_check=false&ok_str=%C1%BC%C6%B7%C6%CC%D7%D3%C6%EC%BD%A2%B5%EA+20.00%D4%AA%B5%EA%C6%CC%D3%C5%BB%DD%84%BB
Á¼Æ·ÆÌ×ÓÆì½¢µê,50ÔªÓÅ»ÝÈ¯,https://taoquan.taobao.com/coupon/unify_apply_result_tmall.htm?seller_id=619123122&success=false&need_check=false&need_ok=true&activity_id=2bada76a45ae4499b706254ebc1ed508&apply_source=daily&is_collina_check=false&ok_str=%C1%BC%C6%B7%C6%CC%D7%D3%C6%EC%BD%A2%B5%EA+50.00%D4%AA%B5%EA%C6%CC%D3%C5%BB%DD%84%BB
À¶ÔÂÁÁ¹Ù·½Æì½¢µê,5ÔªÓÅ»ÝÈ¯,https://bluemoon.tmall.com/campaign-3731-5.htm?spm=a1z10.1-b.w8679628-9241932460.4.BajGKZ
°¬¸ñ¹Ù·½Æì½¢µê,30ÔªÓÅ»ÝÈ¯,https://taoquan.taobao.com/coupon/unify_apply_result_tmall.htm?seller_id=710962071&success=false&need_check=false&need_ok=true&activity_id=c4e5b98f930546e0b09f29b06d2877e2&apply_source=daily&is_collina_check=false&ok_str=%B0%AC%B8%F1%B9%D9%B7%BD%C6%EC%BD%A2%B5%EA+30.00%D4%AA%B5%EA%C6%CC%D3%C5%BB%DD%84%BB
°¬¸ñ¹Ù·½Æì½¢µê,50ÔªÓÅ»ÝÈ¯,https://taoquan.taobao.com/coupon/unify_apply_result_tmall.htm?seller_id=710962071&success=false&need_check=false&need_ok=true&activity_id=86ec990472ba4bdea89fba634609f58f&apply_source=daily&is_collina_check=false&ok_str=%B0%AC%B8%F1%B9%D9%B7%BD%C6%EC%BD%A2%B5%EA+50.00%D4%AA%B5%EA%C6%CC%D3%C5%BB%DD%84%BB
°¬¸ñ¹Ù·½Æì½¢µê,150ÔªÓÅ»ÝÈ¯,https://taoquan.taobao.com/coupon/unify_apply_result_tmall.htm?seller_id=710962071&success=false&need_check=false&need_ok=true&activity_id=57efa9290ef04136957e57ff32880baa&apply_source=daily&is_collina_check=false&ok_str=%B0%AC%B8%F1%B9%D9%B7%BD%C6%EC%BD%A2%B5%EA+150.00%D4%AA%B5%EA%C6%CC%D3%C5%BB%DD%84%BB
durex¶ÅÀÙË¹¹Ù·½Æì½¢µê,³éÈ¡iphone»ú»á,https://durex.tmall.com/shop/view_shop.htm?spm=875.7789098.2015041.6.DliXTF&abbucket=_AB-M337_B18&acm=03289.1003.1.189650&aldid=6SI8EF4V&abtest=_AB-LR337-PR337&scm=1003.1.03289.BRAND_8290235_189650&pos=6
·ÉÀûÆÖ¹Ù·½Æì½¢µê,,
Ì«Æ½ÄñÄÐ×°Æì½¢µê,50ÔªÓÅ»ÝÈ¯,https://taoquan.taobao.com/coupon/unify_apply_result_tmall.htm?seller_id=173275708&success=false&need_check=false&need_ok=true&activity_id=f987cf1fe26747c7b43448701567c3da&apply_source=daily&is_collina_check=false&ok_str=%CC%AB%C6%BD%C4%F1%C4%D0%D7%B0%C6%EC%BD%A2%B5%EA+50.00%D4%AA%B5%EA%C6%CC%D3%C5%BB%DD%84%BB
Ì«Æ½ÄñÄÐ×°Æì½¢µê,100ÔªÓÅ»ÝÈ¯,https://taoquan.taobao.com/coupon/unify_apply_result_tmall.htm?seller_id=173275708&success=false&need_check=false&need_ok=true&activity_id=7631a2aa05db4edd872fdfdc5c5edcf1&apply_source=daily&is_collina_check=false&ok_str=%CC%AB%C6%BD%C4%F1%C4%D0%D7%B0%C6%EC%BD%A2%B5%EA+100.00%D4%AA%B5%EA%C6%CC%D3%C5%BB%DD%84%BB
Ì«Æ½ÄñÄÐ×°Æì½¢µê,200ÔªÓÅ»ÝÈ¯,https://taoquan.taobao.com/coupon/unify_apply_result_tmall.htm?seller_id=173275708&success=false&need_check=false&need_ok=true&activity_id=df0ebff182d44310a627c80476a83d1d&apply_source=daily&is_collina_check=false&ok_str=%CC%AB%C6%BD%C4%F1%C4%D0%D7%B0%C6%EC%BD%A2%B5%EA+200.00%D4%AA%B5%EA%C6%CC%D3%C5%BB%DD%84%BB
Calvin Klein¹Ù·½Æì½¢µê,50ÔªÓÅ»ÝÈ¯,https://taoquan.taobao.com/coupon/unify_apply_result_tmall.htm?seller_id=2217893634&success=false&need_check=false&need_ok=true&activity_id=3d77efad43b1495ca1f5dc40c96cc560&apply_source=daily&is_collina_check=false&ok_str=Calvin+Klein%B9%D9%B7%BD%C6%EC%BD%A2%B5%EA+50.00%D4%AA%B5%EA%C6%CC%D3%C5%BB%DD%84%BB
Calvin Klein¹Ù·½Æì½¢µê,150ÔªÓÅ»ÝÈ¯,https://taoquan.taobao.com/coupon/unify_apply_result_tmall.htm?seller_id=2217893634&success=false&need_check=false&need_ok=true&activity_id=02397c42757a43b8a3de39bf141c9866&apply_source=daily&is_collina_check=false&ok_str=Calvin+Klein%B9%D9%B7%BD%C6%EC%BD%A2%B5%EA+150.00%D4%AA%B5%EA%C6%CC%D3%C5%BB%DD%84%BB
ca¹Ù·½Æì½¢µê,50ÔªÓÅ»ÝÈ¯,https://taoquan.taobao.com/coupon/unify_apply_result_tmall.htm?seller_id=1944046363&success=false&need_check=false&need_ok=true&activity_id=264a768a13194c379e74406faae2338e&apply_source=daily&is_collina_check=false&ok_str=ca%B9%D9%B7%BD%C6%EC%BD%A2%B5%EA+50.00%D4%AA%B5%EA%C6%CC%D3%C5%BB%DD%84%BB
ca¹Ù·½Æì½¢µê,20ÔªÓÅ»ÝÈ¯,https://taoquan.taobao.com/coupon/unify_apply_result_tmall.htm?seller_id=1944046363&success=false&need_check=false&need_ok=true&activity_id=3f2db69dc3754505bac686f056c44af7&apply_source=daily&is_collina_check=false&ok_str=ca%B9%D9%B7%BD%C6%EC%BD%A2%B5%EA+20.00%D4%AA%B5%EA%C6%CC%D3%C5%BB%DD%84%BB
ca¹Ù·½Æì½¢µê,10ÔªÓÅ»ÝÈ¯,https://taoquan.taobao.com/coupon/unify_apply_result_tmall.htm?seller_id=1944046363&success=false&need_check=false&need_ok=true&activity_id=d23f631ef4954cb7b1f61f76a18f76f9&apply_source=daily&is_collina_check=false&ok_str=ca%B9%D9%B7%BD%C6%EC%BD%A2%B5%EA+10.00%D4%AA%B5%EA%C6%CC%D3%C5%BB%DD%84%BB
yohoÓÐ»õÆì½¢µê,10ÔªÓÅ»ÝÈ¯,https://taoquan.taobao.com/coupon/unify_apply_result_tmall.htm?seller_id=384697343&success=false&need_check=false&need_ok=true&activity_id=38ed4b11290b424389de1b8b14a2e96a&apply_source=daily&is_collina_check=false&ok_str=yoho%D3%D0%BB%F5%C6%EC%BD%A2%B5%EA+10.00%D4%AA%B5%EA%C6%CC%D3%C5%BB%DD%84%BB
yohoÓÐ»õÆì½¢µê,50ÔªÓÅ»ÝÈ¯,https://taoquan.taobao.com/coupon/unify_apply_result_tmall.htm?seller_id=384697343&success=false&need_check=false&need_ok=true&activity_id=a489ddbcecaa45de92c1681180cfc7f1&apply_source=daily&is_collina_check=false&ok_str=yoho%D3%D0%BB%F5%C6%EC%BD%A2%B5%EA+50.00%D4%AA%B5%EA%C6%CC%D3%C5%BB%DD%84%BB
yohoÓÐ»õÆì½¢µê,80ÔªÓÅ»ÝÈ¯,https://taoquan.taobao.com/coupon/unify_apply_result_tmall.htm?seller_id=384697343&success=false&need_check=false&need_ok=true&activity_id=6be3ddc85ec747a0af4f2332b9db3c9b&apply_source=daily&is_collina_check=false&ok_str=yoho%D3%D0%BB%F5%C6%EC%BD%A2%B5%EA+80.00%D4%AA%B5%EA%C6%CC%D3%C5%BB%DD%84%BB
yohoÓÐ»õÆì½¢µê,150ÔªÓÅ»ÝÈ¯,https://taoquan.taobao.com/coupon/unify_apply_result_tmall.htm?seller_id=384697343&success=false&need_check=false&need_ok=true&activity_id=74c090640ca54871b6b25d1a483bbc34&apply_source=daily&is_collina_check=false&ok_str=yoho%D3%D0%BB%F5%C6%EC%BD%A2%B5%EA+150.00%D4%AA%B5%EA%C6%CC%D3%C5%BB%DD%84%BB
yohoÓÐ»õÆì½¢µê,300ÔªÓÅ»ÝÈ¯,https://taoquan.taobao.com/coupon/unify_apply_result_tmall.htm?seller_id=384697343&success=false&need_check=false&need_ok=true&activity_id=ba61bb55ac444465a44bb18e509c192c&apply_source=daily&is_collina_check=false&ok_str=yoho%D3%D0%BB%F5%C6%EC%BD%A2%B5%EA+300.00%D4%AA%B5%EA%C6%CC%D3%C5%BB%DD%84%BB
thething¹Ù·½Æì½¢µê,30ÔªÓÅ»ÝÈ¯,https://thethingtq.tmall.com/campaign-3731-6.htm?spm=a3148.23787.4464105217.8.3QJKfp&acm=lb-zebra-23786-327970.1003.1.454894&aldid=w56ULiZy&scm=1003.1.lb-zebra-23786-327970.SHOP_487424717_454894&pos=4
thething¹Ù·½Æì½¢µê,50ÔªÓÅ»ÝÈ¯,https://thethingtq.tmall.com/campaign-3731-6.htm?spm=a3148.23787.4464105217.8.3QJKfp&acm=lb-zebra-23786-327970.1003.1.454894&aldid=w56ULiZy&scm=1003.1.lb-zebra-23786-327970.SHOP_487424717_454894&pos=4
thething¹Ù·½Æì½¢µê,60ÔªÓÅ»ÝÈ¯,https://thethingtq.tmall.com/campaign-3731-6.htm?spm=a3148.23787.4464105217.8.3QJKfp&acm=lb-zebra-23786-327970.1003.1.454894&aldid=w56ULiZy&scm=1003.1.lb-zebra-23786-327970.SHOP_487424717_454894&pos=4
»ª·ÆÐÍ¸ñ¹Ù·½Æì½¢µê,10ÔªÓÅ»ÝÈ¯,https://taoquan.taobao.com/coupon/unify_apply_result_tmall.htm?seller_id=866936997&success=false&need_check=false&need_ok=true&activity_id=da482b29470f42cbb02505182d77f403&apply_source=daily&is_collina_check=false&ok_str=%BB%AA%B7%C6%D0%CD%B8%F1%B9%D9%B7%BD%C6%EC%BD%A2%B5%EA+10.00%D4%AA%B5%EA%C6%CC%D3%C5%BB%DD%84%BB
»ª·ÆÐÍ¸ñ¹Ù·½Æì½¢µê,50ÔªÓÅ»ÝÈ¯,https://taoquan.taobao.com/coupon/unify_apply_result_tmall.htm?seller_id=866936997&success=false&need_check=false&need_ok=true&activity_id=40e6924a862b4041ac50716a4f806f5d&apply_source=daily&is_collina_check=false&ok_str=%BB%AA%B7%C6%D0%CD%B8%F1%B9%D9%B7%BD%C6%EC%BD%A2%B5%EA+50.00%D4%AA%B5%EA%C6%CC%D3%C5%BB%DD%84%BB
»ª·ÆÐÍ¸ñ¹Ù·½Æì½¢µê,100ÔªÓÅ»ÝÈ¯,https://taoquan.taobao.com/coupon/unify_apply_result_tmall.htm?seller_id=866936997&success=false&need_check=false&need_ok=true&activity_id=5d68757a56194813816253c411765e44&apply_source=daily&is_collina_check=false&ok_str=%BB%AA%B7%C6%D0%CD%B8%F1%B9%D9%B7%BD%C6%EC%BD%A2%B5%EA+100.00%D4%AA%B5%EA%C6%CC%D3%C5%BB%DD%84%BB
»ª·ÆÐÍ¸ñ¹Ù·½Æì½¢µê,200ÔªÓÅ»ÝÈ¯,https://taoquan.taobao.com/coupon/unify_apply_result_tmall.htm?seller_id=866936997&success=false&need_check=false&need_ok=true&activity_id=cdecdbe4df984171b06f89c325498426&apply_source=daily&is_collina_check=false&ok_str=%BB%AA%B7%C6%D0%CD%B8%F1%B9%D9%B7%BD%C6%EC%BD%A2%B5%EA+200.00%D4%AA%B5%EA%C6%CC%D3%C5%BB%DD%84%BB
»ª·ÆÐÍ¸ñ¹Ù·½Æì½¢µê,300ÔªÓÅ»ÝÈ¯,https://taoquan.taobao.com/coupon/unify_apply_result_tmall.htm?seller_id=866936997&success=false&need_check=false&need_ok=true&activity_id=358cb61d54d74ed9877f52094fd06ade&apply_source=daily&is_collina_check=false&ok_str=%BB%AA%B7%C6%D0%CD%B8%F1%B9%D9%B7%BD%C6%EC%BD%A2%B5%EA+300.00%D4%AA%B5%EA%C6%CC%D3%C5%BB%DD%84%BB
AKÄÐ×°Æì½¢µê,50ÔªÓÅ»ÝÈ¯,https://taoquan.taobao.com/coupon/unify_apply_result_tmall.htm?seller_id=202271589&success=false&need_check=false&need_ok=true&activity_id=afb38a84162b49da85b5d478bed4dbe9&apply_source=daily&is_collina_check=false&ok_str=AK%C4%D0%D7%B0%C6%EC%BD%A2%B5%EA+50.00%D4%AA%B5%EA%C6%CC%D3%C5%BB%DD%84%BB
AKÄÐ×°Æì½¢µê,100ÔªÓÅ»ÝÈ¯,https://taoquan.taobao.com/coupon/unify_apply_result_tmall.htm?seller_id=202271589&success=false&need_check=false&need_ok=true&activity_id=f63faf25518045d083b38ccbe2cbcc33&apply_source=daily&is_collina_check=false&ok_str=AK%C4%D0%D7%B0%C6%EC%BD%A2%B5%EA+100.00%D4%AA%B5%EA%C6%CC%D3%C5%BB%DD%84%BB
AKÄÐ×°Æì½¢µê,200ÔªÓÅ»ÝÈ¯,https://taoquan.taobao.com/coupon/unify_apply_result_tmall.htm?seller_id=202271589&success=false&need_check=false&need_ok=true&activity_id=698574eabc9a4a2fbee565795a09d751&apply_source=daily&is_collina_check=false&ok_str=AK%C4%D0%D7%B0%C6%EC%BD%A2%B5%EA+200.00%D4%AA%B5%EA%C6%CC%D3%C5%BB%DD%84%BB
°Ù²ÝÎ¶Æì½¢µê,5ÔªÓÅ»ÝÈ¯,https://taoquan.taobao.com/coupon/unify_apply_result_tmall.htm?seller_id=628189716&success=false&need_check=false&need_ok=true&activity_id=437f4862ba354bb48c2fafe285f7880d&apply_source=daily&is_collina_check=false&ok_str=%B0%D9%B2%DD%CE%B6%C6%EC%BD%A2%B5%EA+5.00%D4%AA%B5%EA%C6%CC%D3%C5%BB%DD%84%BB
°Ù²ÝÎ¶Æì½¢µê,10ÔªÓÅ»ÝÈ¯,https://taoquan.taobao.com/coupon/unify_apply_result_tmall.htm?seller_id=628189716&success=false&need_check=false&need_ok=true&activity_id=5beeab8b290e44298dd35e9f391632b9&apply_source=daily&is_collina_check=false&ok_str=%B0%D9%B2%DD%CE%B6%C6%EC%BD%A2%B5%EA+10.00%D4%AA%B5%EA%C6%CC%D3%C5%BB%DD%84%BB
ÖÜºÚÑ¼Ê³Æ·Æì½¢µê,Ô¤¶¨ÖÜºÚÑ¼ÀñºÐ,https://detail.tmall.com/item.htm?spm=a1z10.3-b.w5001-3167843498.3.tFCxHq&id=521326880632&scene=taobao_shop
·ÑÁÐÂÞ¹Ù·½Æì½¢µê,5ÔªÓÅ»ÝÈ¯,https://taoquan.taobao.com/coupon/unify_apply_result_tmall.htm?seller_id=814886726&success=false&need_check=false&need_ok=true&activity_id=81232047d5b046739a4b649790c6ab1f&apply_source=daily&is_collina_check=false&ok_str=%B7%D1%C1%D0%C2%DE%B9%D9%B7%BD%C6%EC%BD%A2%B5%EA+5.00%D4%AA%C9%CC%C6%B7%D3%C5%BB%DD%84%BB
ÈýÖ»ËÉÊóÆì½¢µê,Ô¤¶¨ÈýÖ»ËÉÊóÀñºÐ,https://detail.ju.taobao.com/home.htm?spm=a1z10.1-b.w5003-12041883752.12.4cYtHR&itemId=521384396285&id=10000012095004&scene=taobao_shop
ËÉÏÂ¿Õµ÷Æì½¢µê,1111¿Õµ÷¸üÓÅ»Ý,https://panasonickt.tmall.com/campaign-3731-1.htm?spm=a220o.1000855.w5002-8336553481.3.eSFfDl
Ê©ÄÍµÂµçÆø¹Ù·½Æì½¢µê,50ÔªÓÅ»ÝÈ¯,https://schneiderelectric.tmall.com/p/rd587508.htm?spm=a1z10.1-b.w5001-5577666670.5.vbVZah&scene=taobao_shop
ºèÐÇ¶û¿Ë¹Ù·½Æì½¢µê,20ÔªÓÅ»ÝÈ¯,https://taoquan.taobao.com/coupon/unify_apply_result_tmall.htm?seller_id=349740505&success=false&need_check=false&need_ok=true&activity_id=10ef2663561a4e279f14caf8c717f2ec&apply_source=daily&is_collina_check=false&ok_str=%BA%E8%D0%C7%B6%FB%BF%CB%B9%D9%B7%BD%C6%EC%BD%A2%B5%EA+20.00%D4%AA%B5%EA%C6%CC%D3%C5%BB%DD%84%BB
ºèÐÇ¶û¿Ë¹Ù·½Æì½¢µê,50ÔªÓÅ»ÝÈ¯,https://taoquan.taobao.com/coupon/unify_apply_result_tmall.htm?seller_id=349740505&success=false&need_check=false&need_ok=true&activity_id=80049020ac9849b394d19dac878a8eb0&apply_source=daily&is_collina_check=false&ok_str=%BA%E8%D0%C7%B6%FB%BF%CB%B9%D9%B7%BD%C6%EC%BD%A2%B5%EA+50.00%D4%AA%B5%EA%C6%CC%D3%C5%BB%DD%84%BB
ÎÞÓ¡Á¼Æ·MUJI¹Ù·½Æì½¢µê,30ÔªÓÅ»ÝÈ¯,https://muji.tmall.com/campaign-3731-8.htm?spm=a1z10.1-b.w5003-11779171254.1.EokEGK&scene=taobao_shop
ÎÞÓ¡Á¼Æ·MUJI¹Ù·½Æì½¢µê,50ÔªÓÅ»ÝÈ¯,https://muji.tmall.com/campaign-3731-8.htm?spm=a1z10.1-b.w5003-11779171254.1.EokEGK&scene=taobao_shop
evisuÆì½¢µê,20ÔªÓÅ»ÝÈ¯,https://taoquan.taobao.com/coupon/unify_apply_result_tmall.htm?seller_id=1650429497&success=false&need_check=false&need_ok=true&activity_id=331a533da27c484293e426dc9550aab1&apply_source=daily&is_collina_check=false&ok_str=evisu%C6%EC%BD%A2%B5%EA+20.00%D4%AA%B5%EA%C6%CC%D3%C5%BB%DD%84%BB
evisuÆì½¢µê,100ÔªÓÅ»ÝÈ¯,https://taoquan.taobao.com/coupon/unify_apply_result_tmall.htm?seller_id=1650429497&success=false&need_check=false&need_ok=true&activity_id=8a5f823ed7c64fbfb55728b602448aad&apply_source=daily&is_collina_check=false&ok_str=evisu%C6%EC%BD%A2%B5%EA+100.00%D4%AA%B5%EA%C6%CC%D3%C5%BB%DD%84%BB
nautica¹Ù·½Æì½¢µê,50ÔªÓÅ»ÝÈ¯,https://taoquan.taobao.com/coupon/unify_apply_result_tmall.htm?seller_id=1645926952&success=false&need_check=false&need_ok=true&activity_id=dd43c7ce2cc04abf8420fd47ef7b7ae7&apply_source=daily&is_collina_check=false&ok_str=nautica%B9%D9%B7%BD%C6%EC%BD%A2%B5%EA+50.00%D4%AA%B5%EA%C6%CC%D3%C5%BB%DD%84%BB
nautica¹Ù·½Æì½¢µê,100ÔªÓÅ»ÝÈ¯,https://taoquan.taobao.com/coupon/unify_apply_result_tmall.htm?seller_id=1645926952&success=false&need_check=false&need_ok=true&activity_id=0f4d8308be1b49df8dc08f083f26023d&apply_source=daily&is_collina_check=false&ok_str=nautica%B9%D9%B7%BD%C6%EC%BD%A2%B5%EA+100.00%D4%AA%B5%EA%C6%CC%D3%C5%BB%DD%84%BB
nautica¹Ù·½Æì½¢µê,200ÔªÓÅ»ÝÈ¯,https://taoquan.taobao.com/coupon/unify_apply_result_tmall.htm?seller_id=1645926952&success=false&need_check=false&need_ok=true&activity_id=11d5055cb1c94b05b9a19e2fea9213c5&apply_source=daily&is_collina_check=false&ok_str=nautica%B9%D9%B7%BD%C6%EC%BD%A2%B5%EA+200.00%D4%AA%B5%EA%C6%CC%D3%C5%BB%DD%84%BB
burandoenoÆì½¢µê,10ÔªÎÞÃÅ¼÷,https://taoquan.taobao.com/coupon/unify_apply_result_tmall.htm?seller_id=1881680310&success=false&need_check=false&need_ok=true&activity_id=5c7d4727d9c2452ebe6c53fa29560ecc&apply_source=daily&is_collina_check=false&ok_str=burandoeno%C6%EC%BD%A2%B5%EA+10.00%D4%AA%B5%EA%C6%CC%D3%C5%BB%DD%84%BB
burandoenoÆì½¢µê,50ÔªÓÅ»ÝÈ¯,https://taoquan.taobao.com/coupon/unify_apply_result_tmall.htm?seller_id=1881680310&success=false&need_check=false&need_ok=true&activity_id=41460f37ae7144a2a7ff64f1f98e39cb&apply_source=daily&is_collina_check=false&ok_str=burandoeno%C6%EC%BD%A2%B5%EA+50.00%D4%AA%B5%EA%C6%CC%D3%C5%BB%DD%84%BB
burandoenoÆì½¢µê,100ÔªÓÅ»ÝÈ¯,https://taoquan.taobao.com/coupon/unify_apply_result_tmall.htm?seller_id=1881680310&success=false&need_check=false&need_ok=true&activity_id=b25c0eea03f94e2fa4734e6642c7891a&apply_source=daily&is_collina_check=false&ok_str=burandoeno%C6%EC%BD%A2%B5%EA+100.00%D4%AA%B5%EA%C6%CC%D3%C5%BB%DD%84%BB
onet·²ÍÃÆì½¢µê,100ÔªÓÅ»ÝÈ¯,https://taoquan.taobao.com/coupon/unify_apply_result_tmall.htm?seller_id=822562109&success=false&need_check=false&need_ok=true&activity_id=65eaf9d0a7f1435b80c00df764165e1c&apply_source=daily&is_collina_check=false&ok_str=onet%B7%B2%CD%C3%C6%EC%BD%A2%B5%EA+100.00%D4%AA%B5%EA%C6%CC%D3%C5%BB%DD%84%BB
onet·²ÍÃÆì½¢µê,50ÔªÓÅ»ÝÈ¯,https://taoquan.taobao.com/coupon/unify_apply_result_tmall.htm?seller_id=822562109&success=false&need_check=false&need_ok=true&activity_id=df68102c60ec41d7b51470c44903298d&apply_source=daily&is_collina_check=false&ok_str=onet%B7%B2%CD%C3%C6%EC%BD%A2%B5%EA+50.00%D4%AA%B5%EA%C6%CC%D3%C5%BB%DD%84%BB
onet·²ÍÃÆì½¢µê,30ÔªÓÅ»ÝÈ¯,https://taoquan.taobao.com/coupon/unify_apply_result_tmall.htm?seller_id=822562109&success=false&need_check=false&need_ok=true&activity_id=1e716fdaf3f3458ab2f07590bd749c37&apply_source=daily&is_collina_check=false&ok_str=onet%B7%B2%CD%C3%C6%EC%BD%A2%B5%EA+30.00%D4%AA%B5%EA%C6%CC%D3%C5%BB%DD%84%BB
KAMA¹Ù·½Æì½¢µê,20ÔªÓÅ»ÝÈ¯,https://taoquan.taobao.com/coupon/unify_apply_result_tmall.htm?seller_id=845419152&success=false&need_check=false&need_ok=true&activity_id=1d82eeeaa61a4dbbae3aadb03d47fb22&apply_source=daily&is_collina_check=false&ok_str=KAMA%B9%D9%B7%BD%C6%EC%BD%A2%B5%EA+20.00%D4%AA%B5%EA%C6%CC%D3%C5%BB%DD%84%BB
KAMA¹Ù·½Æì½¢µê,40ÔªÓÅ»ÝÈ¯,https://taoquan.taobao.com/coupon/unify_apply_result_tmall.htm?seller_id=845419152&success=false&need_check=false&need_ok=true&activity_id=375b23770a9c4272b775579006ee5066&apply_source=daily&is_collina_check=false&ok_str=KAMA%B9%D9%B7%BD%C6%EC%BD%A2%B5%EA+40.00%D4%AA%B5%EA%C6%CC%D3%C5%BB%DD%84%BB
KAMA¹Ù·½Æì½¢µê,60ÔªÓÅ»ÝÈ¯,https://taoquan.taobao.com/coupon/unify_apply_result_tmall.htm?seller_id=845419152&success=false&need_check=false&need_ok=true&activity_id=674b0c8b385e4e549807aea783a6bfc8&apply_source=daily&is_collina_check=false&ok_str=KAMA%B9%D9%B7%BD%C6%EC%BD%A2%B5%EA+60.00%D4%AA%B5%EA%C6%CC%D3%C5%BB%DD%84%BB
KAMA¹Ù·½Æì½¢µê,100ÔªÓÅ»ÝÈ¯,https://taoquan.taobao.com/coupon/unify_apply_result_tmall.htm?seller_id=845419152&success=false&need_check=false&need_ok=true&activity_id=916e9c5b9c6346a38fd6cf4bbffa9016&apply_source=daily&is_collina_check=false&ok_str=KAMA%B9%D9%B7%BD%C6%EC%BD%A2%B5%EA+100.00%D4%AA%B5%EA%C6%CC%D3%C5%BB%DD%84%BB
KAMA¹Ù·½Æì½¢µê,200ÔªÓÅ»ÝÈ¯,https://taoquan.taobao.com/coupon/unify_apply_result_tmall.htm?seller_id=845419152&success=false&need_check=false&need_ok=true&activity_id=52b8535cbc64481885788f29850ced93&apply_source=daily&is_collina_check=false&ok_str=KAMA%B9%D9%B7%BD%C6%EC%BD%A2%B5%EA+200.00%D4%AA%B5%EA%C6%CC%D3%C5%BB%DD%84%BB
ÃÀÂÃ¹Ù·½Æì½¢µê,20ÔªÎÞÃÅ¼÷,https://at.tmall.com/campaign-3731-4.htm?spm=a1z10.1-b.w5001-11762744034.14.JYi2h6&scene=taobao_shop
ÃÀÂÃ¹Ù·½Æì½¢µê,50ÔªÓÅ»ÝÈ¯,https://at.tmall.com/campaign-3731-4.htm?spm=a1z10.1-b.w5001-11762744034.14.JYi2h6&scene=taobao_shop
ÃÀÂÃ¹Ù·½Æì½¢µê,100ÔªÓÅ»ÝÈ¯,https://at.tmall.com/campaign-3731-4.htm?spm=a1z10.1-b.w5001-11762744034.14.JYi2h6&scene=taobao_shop
ÐÂÐãÀö¹Ù·½Æì½¢µê,100ÔªÓÅ»ÝÈ¯,https://taoquan.taobao.com/coupon/unify_apply_result_tmall.htm?seller_id=2421830954&success=false&need_check=false&need_ok=true&activity_id=fccd26b4562042b092d96eafc8a0c12d&apply_source=daily&is_collina_check=false&ok_str=%D0%C2%D0%E3%C0%F6%B9%D9%B7%BD%C6%EC%BD%A2%B5%EA+100.00%D4%AA%B5%EA%C6%CC%D3%C5%BB%DD%84%BB
ÐÂÐãÀö¹Ù·½Æì½¢µê,300ÔªÓÅ»ÝÈ¯,https://taoquan.taobao.com/coupon/unify_apply_result_tmall.htm?seller_id=2421830954&success=false&need_check=false&need_ok=true&activity_id=f30471bd55104d1c961bdf4af0f1dd5d&apply_source=daily&is_collina_check=false&ok_str=%D0%C2%D0%E3%C0%F6%B9%D9%B7%BD%C6%EC%BD%A2%B5%EA+300.00%D4%AA%B5%EA%C6%CC%D3%C5%BB%DD%84%BB
jansportÆì½¢µê,20ÔªÎÞÃÅ¼÷,https://jansport.tmall.com/campaign-3731-3.htm?spm=a1z10.1-b.w5001-10976699905.2.C4D71A&scene=taobao_shop
jansportÆì½¢µê,50ÔªÓÅ»ÝÈ¯,https://jansport.tmall.com/campaign-3731-3.htm?spm=a1z10.1-b.w5001-10976699905.2.C4D71A&scene=taobao_shop
The North Face¹Ù·½Æì½¢µê,100ÔªÓÅ»ÝÈ¯,https://taoquan.taobao.com/coupon/unify_apply_result_tmall.htm?seller_id=928417138&success=false&need_check=false&need_ok=true&activity_id=4a136e02851b481599184008255965a3&apply_source=daily&is_collina_check=false&ok_str=The+North+Face%B9%D9%B7%BD%C6%EC%BD%A2%B5%EA+100.00%D4%AA%B5%EA%C6%CC%D3%C5%BB%DD%84%BB
¸Ô±¾Æì½¢µê,5ÔªÓÅ»ÝÈ¯,https://taoquan.taobao.com/coupon/unify_apply_result_tmall.htm?seller_id=2032870312&success=false&need_check=false&need_ok=true&activity_id=5967a0c69f64434392f84e0716fac0f1&apply_source=daily&is_collina_check=false&ok_str=%B8%D4%B1%BE%C6%EC%BD%A2%B5%EA+5.00%D4%AA%B5%EA%C6%CC%D3%C5%BB%DD%84%BB
¸Ô±¾Æì½¢µê,10ÔªÓÅ»ÝÈ¯,https://taoquan.taobao.com/coupon/unify_apply_result_tmall.htm?seller_id=2032870312&success=false&need_check=false&need_ok=true&activity_id=ded9c3a14f524744af78ff0f00431b03&apply_source=daily&is_collina_check=false&ok_str=%B8%D4%B1%BE%C6%EC%BD%A2%B5%EA+10.00%D4%AA%B5%EA%C6%CC%D3%C5%BB%DD%84%BB
¸Ô±¾Æì½¢µê,20ÔªÓÅ»ÝÈ¯,https://taoquan.taobao.com/coupon/unify_apply_result_tmall.htm?seller_id=2032870312&success=false&need_check=false&need_ok=true&activity_id=b88c0452d807404b964b695721706e21&apply_source=daily&is_collina_check=false&ok_str=%B8%D4%B1%BE%C6%EC%BD%A2%B5%EA+20.00%D4%AA%B5%EA%C6%CC%D3%C5%BB%DD%84%BB
sauconyÊ¥¿µÄáÆì½¢µê,40ÔªÓÅ»ÝÈ¯,https://taoquan.taobao.com/coupon/unify_apply_result_tmall.htm?seller_id=2366071529&success=false&need_check=false&need_ok=true&activity_id=8391da4b8268467baa88dd392d79adaa&apply_source=daily&is_collina_check=false&ok_str=saucony%CA%A5%BF%B5%C4%E1%C6%EC%BD%A2%B5%EA+40.00%D4%AA%B5%EA%C6%CC%D3%C5%BB%DD%84%BB
sauconyÊ¥¿µÄáÆì½¢µê,60ÔªÓÅ»ÝÈ¯,https://taoquan.taobao.com/coupon/unify_apply_result_tmall.htm?seller_id=2366071529&success=false&need_check=false&need_ok=true&activity_id=b584d2b18dba48eb9577f3dbd633991b&apply_source=daily&is_collina_check=false&ok_str=saucony%CA%A5%BF%B5%C4%E1%C6%EC%BD%A2%B5%EA+60.00%D4%AA%B5%EA%C6%CC%D3%C5%BB%DD%84%BB
361¶È¹Ù·½Æì½¢µê,50ÔªÓÅ»ÝÈ¯,https://taoquan.taobao.com/coupon/unify_apply_result_tmall.htm?seller_id=363607599&success=false&need_check=false&need_ok=true&activity_id=5281c0a4bb4f42c9a20f4f93b478627f&apply_source=daily&is_collina_check=false&ok_str=361%B6%C8%B9%D9%B7%BD%C6%EC%BD%A2%B5%EA+50.00%D4%AA%B5%EA%C6%CC%D3%C5%BB%DD%84%BB
